,Разметка: Для ума/ Для души / Для тела,direction,leve3,quantity,gender
0,Для тела,Физическая активность,Настольный теннис,48803,Мужчина
1,Для ума,Образование,ОНЛАЙН Английский язык,12806,Мужчина
2,Для тела,Физическая активность,Бильярд,12171,Мужчина
3,Для тела,Физическая активность,Скандинавская ходьба,11477,Мужчина
4,Для тела,Физическая активность,Тренажеры,11398,Мужчина
5,Для тела,Физическая активность,ОФП,9023,Мужчина
6,Для души,Танцы,Бальные танцы,8934,Мужчина
7,Для ума,Образование,Осваиваем мобильные устройства,8906,Мужчина
8,Для ума,Образование,Английский язык,8814,Мужчина
9,Для тела,Физическая активность,Волейбол,7810,Мужчина
10,Для ума,Образование,Курсы компьютерной грамотности,7744,Мужчина
11,Для ума,Образование,ОНЛАЙН Испанский язык,6710,Мужчина
12,Для ума,Образование,ОНЛАЙН Психологические тренинги,6322,Мужчина
13,Для тела,Физическая активность,ОНЛАЙН Гимнастика,5769,Мужчина
14,Для души,Танцы,Танцы для всех,5571,Мужчина
15,Для тела,Физическая активность,ОНЛАЙН Суставная гимнастика,5406,Мужчина
16,Для ума,Образование,ОНЛАЙН Осваиваем мобильные устройства,5113,Мужчина
17,Для ума,Образование,ОНЛАЙН История искусства,4893,Мужчина
18,Для тела,Физическая активность,ОНЛАЙН Здоровая спина,4477,Мужчина
19,Для ума,Образование,ОНЛАЙН Курсы компьютерной грамотности,4093,Мужчина
20,Для ума,Игры,ОНЛАЙН Иные интеллектуальные игры,3901,Мужчина
21,Для души,Пение,Хоровое пение,3813,Мужчина
22,Для тела,Физическая активность,Футбол,3715,Мужчина
23,Для тела,Физическая активность,Дыхательная гимнастика,3642,Мужчина
24,Для тела,Физическая активность,Цигун,3606,Мужчина
25,Для души,Рисование,ОНЛАЙН Различные техники рисования,3507,Мужчина
26,Для ума,Образование,ОНЛАЙН Немецкий язык,3478,Мужчина
27,Для ума,Образование,ОНЛАЙН Английский язык для начинающих,3474,Мужчина
28,Для тела,Физическая активность,ОНЛАЙН Цигун,3398,Мужчина
29,Для ума,Образование,ОНЛАЙН Краеведение и онлайн-экскурсии,3380,Мужчина
30,Для ума,Образование,ОНЛАЙН Здорово жить,3317,Мужчина
31,Для тела,Физическая активность,Гимнастика,3282,Мужчина
32,Для тела,Физическая активность,Здоровая спина,3264,Мужчина
33,Для тела,Физическая активность,ОНЛАЙН Оздоровительная гимнастика,3175,Мужчина
34,Для души,Пение,Пение,3162,Мужчина
35,Для ума,Образование,Краеведение и пешие прогулки,3137,Мужчина
36,Для тела,Физическая активность,Фитнес,3080,Мужчина
37,Для ума,Образование,ОНЛАЙН Французский язык,2918,Мужчина
38,Для ума,Образование,ОНЛАЙН Правильное питание,2770,Мужчина
39,Для тела,Физическая активность,Бадминтон,2658,Мужчина
40,Для ума,Образование,ОНЛАЙН Китайский язык,2572,Мужчина
41,Для души,Танцы,Латиноамериканские танцы,2524,Мужчина
42,Для ума,Образование,"ОНЛАЙН История, культура России",2279,Мужчина
43,Для души,Образование,"ОНЛАЙН История, культура России",2279,Мужчина
44,Для души,Творчество,ОНЛАЙН Мастер-класс по уходу за кожей в зрелом возрасте,2237,Мужчина
45,Для тела,Физическая активность,Йога,2221,Мужчина
46,Для ума,Образование,Английский язык для начинающих,2148,Мужчина
47,Для тела,Физическая активность,Суставная гимнастика,2095,Мужчина
48,Для ума,Образование,ОНЛАЙН Итальянский язык,2062,Мужчина
49,Для ума,Образование,Психологические тренинги,1948,Мужчина
50,Для ума,Образование,Немецкий язык,1940,Мужчина
51,Для души,Рисование,Различные техники рисования,1869,Мужчина
52,Для тела,Физическая активность,ОНЛАЙН Дыхательная гимнастика,1807,Мужчина
53,Для тела,Физическая активность,ОНЛАЙН ОФП,1791,Мужчина
54,Для тела,Физическая активность,Оздоровительная гимнастика,1786,Мужчина
55,Для ума,Образование,ОНЛАЙН Ментальная арифметика,1747,Мужчина
56,Для ума,Игры,ОНЛАЙН Шахматы и шашки,1687,Мужчина
57,Для ума,Образование,ОНЛАЙН Гимнастика мозга,1667,Мужчина
58,Для ума,Образование,Испанский язык,1658,Мужчина
59,Для души,Танцы,Классические танцы,1637,Мужчина
60,Для тела,Физическая активность,Тир. Стрельба из пневматического/лазерного оружия,1595,Мужчина
61,Для ума,Образование,ОНЛАЙН Перезагрузка (программа школы для помощи внукам)/ знай учебник лучше внука,1426,Мужчина
62,Для ума,Образование,ОНЛАЙН Основы духовной культуры,1419,Мужчина
63,Для ума,Игры,Шахматы,1418,Мужчина
64,Для тела,Физическая активность,ОНЛАЙН Йога,1350,Мужчина
65,Для ума,Образование,ОНЛАЙН Правовая грамотность,1348,Мужчина
66,Для ума,Образование,Гимнастика мозга,1324,Мужчина
67,Для тела,Физическая активность,Иные подвижные игры,1251,Мужчина
68,Для ума,Образование,Французский язык,1250,Мужчина
69,Для тела,Физическая активность,ГТО,1199,Мужчина
70,Для ума,Образование,ОНЛАЙН Здоровый образ жизни (ЗОЖ),1197,Мужчина
71,Для ума,Образование,ОНЛАЙН Английский язык разговорный,1196,Мужчина
72,Для души,Творчество,ОНЛАЙН Фотостудия/видеостудия,1134,Мужчина
73,Для ума,Образование,"ОНЛАЙН История, культура Москвы",1053,Мужчина
74,Для души,Танцы,Исторические танцы,1028,Мужчина
75,Для души,Спецпроект / Московский театрал,Московский театрал,951,Мужчина
76,Для ума,Образование,ОНЛАЙН География. Путешествия вокруг света,942,Мужчина
77,Для ума,Образование,Китайский язык,934,Мужчина
78,Для тела,Физическая активность,ОНЛАЙН Корригирующая гимнастика для глаз,904,Мужчина
79,Для тела,Физическая активность,Зумба,898,Мужчина
80,Для ума,Творчество,ОНЛАЙН Ландшафтный дизайн,865,Мужчина
81,Для души,Творчество,ОНЛАЙН Ландшафтный дизайн,865,Мужчина
82,Для тела,Физическая активность,Пилатес,865,Мужчина
83,Для тела,Физическая активность,Физкультурно-оздоровительные занятия,863,Мужчина
84,Для души,Рисование,ОНЛАЙН Акварельная живопись,826,Мужчина
85,Для души,Танцы,ОНЛАЙН Танцы для всех,819,Мужчина
86,Для ума,Образование,Итальянский язык,780,Мужчина
87,Для ума,Образование,Памятники культуры,775,Мужчина
88,Для души,Творчество,ОНЛАЙН Кулинарные курсы,773,Мужчина
89,Для души,Танцы,Клубные танцы,748,Мужчина
90,Для ума,Образование,Английский язык разговорный,739,Мужчина
91,Для ума,Образование,ОНЛАЙН Москвоведение,719,Мужчина
92,Для ума,Образование,Работа на компьютере и в социальных сетях,693,Мужчина
93,Для ума,Игры,ОНЛАЙН Иные настольные игры,691,Мужчина
94,Для ума,Образование,ОНЛАЙН Здоровый сон,684,Мужчина
95,Для души,Танцы,Современные танцы,680,Мужчина
96,Для души,Рисование,ИЗО,667,Мужчина
97,Для души,Рисование,Акварельная живопись,666,Мужчина
98,Для тела,Спецпроект / Тренировки долголетия (спецпроект по медицинской реабилитации),Тренировки долголетия (спецпроект по медицинской реабилитации),649,Мужчина
99,Для ума,Образование,ОНЛАЙН Школа пчеловода,642,Мужчина
100,Для ума,Образование,Авторские курсы/маршруты,621,Мужчина
101,Для души,Спецпроект / Московский театрал,ОНЛАЙН Московский театрал,605,Мужчина
102,Для ума,Игры,Шахматы и шашки,591,Мужчина
103,Для души,Творчество,ОНЛАЙН Садоводство,584,Мужчина
104,Для ума,Образование,ОНЛАЙН Автомобильная школа,550,Мужчина
105,Для ума,Образование,ОНЛАЙН Краеведение и онлайн-экскурсии по Москве и России,548,Мужчина
106,Для тела,Физическая активность,ОНЛАЙН Физкультурно-оздоровительные занятия,531,Мужчина
107,Для ума,Образование,Здорово жить,508,Мужчина
108,Для ума,Образование,ОНЛАЙН Турецкий язык,481,Мужчина
109,Для ума,Образование,Обучение игре на гитаре,474,Мужчина
110,Для души,Творчество,ОНЛАЙН Рукоделие и творчество,471,Мужчина
111,Для ума,Образование,Электронные услуги: учимся пользоваться,466,Мужчина
112,Для тела,Физическая активность,Адаптивная и тонизирующая гимнастика,465,Мужчина
113,Для тела,Физическая активность,ОНЛАЙН Адаптивная и тонизирующая гимнастика,455,Мужчина
114,Для ума,Образование,История искусства,453,Мужчина
115,Для ума,Образование,"ОНЛАЙН Экономическая, финансовая грамотность",438,Мужчина
116,Для души,Творчество,Фотостудия/видеостудия,424,Мужчина
117,Для ума,Образование,Экскурс в историю,413,Мужчина
118,Для души,Танцы,Хореография,405,Мужчина
119,Для души,Творчество,Музыка,400,Мужчина
120,Для души,Рисование,ОНЛАЙН Графика,395,Мужчина
121,Для души,Рисование,ОНЛАЙН ИЗО,393,Мужчина
122,Для души,Пение,Фольклорная песня,391,Мужчина
123,Для ума,Образование,ОНЛАЙН Искусство коммуникаций,381,Мужчина
124,Для души,Пение,Современная песня,376,Мужчина
125,Для души,Творчество,Рукоделие и творчество,376,Мужчина
126,Для тела,Физическая активность,Стрейчинг,372,Мужчина
127,Для ума,Творчество,ОНЛАЙН Литература,360,Мужчина
128,Для души,Творчество,ОНЛАЙН Литература,360,Мужчина
129,Для души,Творчество,ОНЛАЙН Литературная мастерская,356,Мужчина
130,Для души,Танцы,ОНЛАЙН Бальные танцы,350,Мужчина
131,Для тела,Физическая активность,Дартс,349,Мужчина
132,Для тела,Физическая активность,Дыхательная гимнастика по системе Стрельниковой,343,Мужчина
133,Для тела,Физическая активность,Каратэ,340,Мужчина
134,Для ума,Образование,ОНЛАЙН Эмоциональный интеллект,332,Мужчина
135,Для тела,Физическая активность,Хоккей/хоккей на траве/хоккей в зале,331,Мужчина
136,Для ума,Образование,ОНЛАЙН История литературы,287,Мужчина
137,Для ума,Спецпроект / Интеллектуальный клуб,ОНЛАЙН Основы компьютерной графики: обработка фотографий в графических редакторах. Базовый курс,267,Мужчина
138,Для ума,Образование,ОНЛАЙН Иные иностранные языки,264,Мужчина
139,Для ума,Образование,ОНЛАЙН Генеалогия,263,Мужчина
140,Для ума,Образование,ОНЛАЙН Арабский язык,261,Мужчина
141,Для души,Танцы,Спортивные танцы,259,Мужчина
142,Для ума,Образование,Продвинутый интернет,254,Мужчина
143,Для ума,Образование,Основы духовной культуры,249,Мужчина
144,Для тела,Физическая активность,Большой теннис,248,Мужчина
145,Для ума,Образование,"ОНЛАЙН Психологический лекторий ""Всё только начинается""",246,Мужчина
146,Для души,Рисование,ОНЛАЙН Рисование анти-стресс,242,Мужчина
147,Для души,Рисование,ОНЛАЙН Масляная живопись,235,Мужчина
148,Для души,Рисование,Основы академического рисунка и живописи,228,Мужчина
149,Для ума,Образование,ОНЛАЙН Японский язык,227,Мужчина
150,Для души,Творчество,Садоводство,224,Мужчина
151,Для души,Творчество,"Керамика (глина, тестопластика)",220,Мужчина
152,Для тела,Физическая активность,ОНЛАЙН Танцевальная гимнастика,219,Мужчина
153,Для тела,Физическая активность,ОНЛАЙН Тайцзи,217,Мужчина
154,Для ума,Образование,Правовая грамотность,208,Мужчина
155,Для души,Танцы,Народные танцы,206,Мужчина
156,Для души,Творчество,Роспись по дереву. Художественная обработка древесины,200,Мужчина
157,Для души,Творчество,Литература,199,Мужчина
158,Для ума,Творчество,Литература,199,Мужчина
159,Для ума,Спецпроект / Интеллектуальный клуб,ОНЛАЙН Итальянский язык,198,Мужчина
160,Для ума,Образование,ОНЛАЙН Краеведение и онлайн-экскурсии по миру,195,Мужчина
161,Для ума,Образование,ОНЛАЙН Архитектура Москвы и Подмосковья,193,Мужчина
162,Для души,Творчество,Литературная мастерская,192,Мужчина
163,Для души,Рисование,ОНЛАЙН Китайская живопись У-Син,190,Мужчина
164,Для души,Рисование,Рисование анти-стресс,189,Мужчина
165,Для души,Пение,Караоке,188,Мужчина
166,Для ума,Игры,ОНЛАЙН Шахматы,188,Мужчина
167,Для души,Творчество,Кулинарные курсы,187,Мужчина
168,Для тела,Физическая активность,Баскетбол,183,Мужчина
169,Для души,Пение,ОНЛАЙН Пение,182,Мужчина
170,Для ума,Образование,Техника речи,181,Мужчина
171,Для тела,Физическая активность,Ритмика и движение,180,Мужчина
172,Для тела,Физическая активность,Мини-футбол,179,Мужчина
173,Для ума,Спецпроект / Интеллектуальный клуб,ОНЛАЙН Английский язык для общения и путешествий. Базовый курс,176,Мужчина
174,Для ума,Спецпроект / Интеллектуальный клуб,ОНЛАЙН Информационные технологии для москвичей,167,Мужчина
175,Для ума,Образование,Доступный интернет,166,Мужчина
176,Для ума,Образование,История кинематографа,158,Мужчина
177,Для ума,Образование,ОНЛАЙН Религиоведение,158,Мужчина
178,Для души,Рисование,ОНЛАЙН Основы академического рисунка и живописи,155,Мужчина
179,Для тела,Физическая активность,Лечебная физкультура,154,Мужчина
180,Для ума,Спецпроект / Интеллектуальный клуб,ОНЛАЙН Бояться нельзя или Смартфон для повседневной жизни,150,Мужчина
181,Для тела,Физическая активность,Танцевальная гимнастика,147,Мужчина
182,Для души,Танцы,Восточные танцы,146,Мужчина
183,Для ума,Образование,ОНЛАЙН Работа на компьютере и в социальных сетях,145,Мужчина
184,Для ума,Образование,Ментальная арифметика,145,Мужчина
185,Для тела,Физическая активность,Волейбол (пионербол),144,Мужчина
186,Для души,Танцы,ОНЛАЙН Восточные танцы,143,Мужчина
187,Для души,Спецпроект / Интеллектуальный клуб,ОНЛАЙН Акварельная живопись,142,Мужчина
188,Для души,Танцы,ОНЛАЙН Латиноамериканские танцы,142,Мужчина
189,Для ума,Игры,Иные настольные игры,134,Мужчина
190,Для ума,Образование,ОНЛАЙН Электронные услуги: учимся пользоваться,133,Мужчина
191,Для тела,Физическая активность,Тайцзи,132,Мужчина
192,Для души,Пение,Бардовская песня,124,Мужчина
193,Для ума,Образование,ОНЛАЙН Обучение игре на музыкальных инструментах,123,Мужчина
194,Для ума,Спецпроект / Интеллектуальный клуб,ОНЛАЙН Английский язык для общения и путешествий. Продвинутый курс,118,Мужчина
195,Для ума,Образование,"Экономическая, финансовая грамотность",116,Мужчина
196,Для ума,Образование,География. Путешествия вокруг света,113,Мужчина
197,Для ума,Образование,ОНЛАЙН Доступный интернет,113,Мужчина
198,Для тела,Физическая активность,ОНЛАЙН Ушу,110,Мужчина
199,Для души,Спецпроект / Интеллектуальный клуб,ОНЛАЙН История зарубежного искусства,109,Мужчина
200,Для души,Творчество,ОНЛАЙН Изготовление аксессуаров и декоративных украшений,109,Мужчина
201,Для ума,Образование,"История, культура Москвы",108,Мужчина
202,Для души,Спецпроект / Интеллектуальный клуб,Клуб любителей истории,107,Мужчина
203,Для ума,Образование,Скорочтение,106,Мужчина
204,Для души,Танцы,ОНЛАЙН Спортивные танцы,106,Мужчина
205,Для души,Спецпроект / Интеллектуальный клуб,Дискуссионный клуб,104,Мужчина
206,Для ума,Образование,Психологический лекторий,102,Мужчина
207,Для души,Творчество,Ландшафтный дизайн,100,Мужчина
208,Для ума,Творчество,Ландшафтный дизайн,100,Мужчина
209,Для ума,Творчество,ОНЛАЙН Дизайн интерьера,99,Мужчина
210,Для ума,Образование,Правильное питание,99,Мужчина
211,Для души,Творчество,ОНЛАЙН Дизайн интерьера,99,Мужчина
212,Для ума,Спецпроект / Интеллектуальный клуб,ОНЛАЙН Основы видеомонтажа: от идеи до результата. Базовый курс,98,Мужчина
213,Для души,Творчество,"ОНЛАЙН Текстильный дизайн, кройка и шитье",96,Мужчина
214,Для ума,Образование,Автомобильная школа,96,Мужчина
215,Для души,Творчество,Фольклор,95,Мужчина
216,Для тела,Физическая активность,Петанк (бочче),94,Мужчина
217,Для ума,Спецпроект / Серебряный университет,ОНЛАЙН Педагог дополнительного образования,93,Мужчина
218,Для души,Творчество,ОНЛАЙН Вязание крючком,89,Мужчина
219,Для ума,Образование,Пилотное мастерство,89,Мужчина
220,Для ума,Образование,Иные иностранные языки,88,Мужчина
221,Для ума,Образование,ОНЛАЙН Уход и содержание домашних животных,87,Мужчина
222,Для души,Танцы,Танцевальные вечера,84,Мужчина
223,Для ума,Образование,ОНЛАЙН Астрономия,84,Мужчина
224,Для души,Спецпроект / Интеллектуальный клуб,ОНЛАЙН Памятники мирового искусства. Базовый курс,84,Мужчина
225,Для ума,Образование,ОНЛАЙН История кинематографа,84,Мужчина
226,Для души,Творчество,ОНЛАЙН Музыка,83,Мужчина
227,Для ума,Образование,Искусство коммуникаций,82,Мужчина
228,Для души,Танцы,ОНЛАЙН Хореография,77,Мужчина
229,Для души,Творчество,Художественное слово,75,Мужчина
230,Для ума,Образование,"История, культура России",74,Мужчина
231,Для души,Пение,ОНЛАЙН Романсы,74,Мужчина
232,Для души,Образование,"История, культура России",74,Мужчина
233,Для души,Творчество,ОНЛАЙН Английская литература,74,Мужчина
234,Для тела,Физическая активность,Калланетика,72,Мужчина
235,Для ума,Образование,ОНЛАЙН Наука,72,Мужчина
236,Для души,Творчество,"ОНЛАЙН Изготовление кукол, игрушек",71,Мужчина
237,Для тела,Физическая активность,Лыжи,69,Мужчина
238,Для души,Творчество,Витражное искусство,69,Мужчина
239,Для тела,Физическая активность,Городки,69,Мужчина
240,Для ума,Образование,ОНЛАЙН Скорочтение,69,Мужчина
241,Для ума,Образование,ОНЛАЙН Обучение игре на гитаре,68,Мужчина
242,Для ума,Образование,Кинолекторий,67,Мужчина
243,Для души,Образование,ОНЛАЙН Киберспорт,66,Мужчина
244,Для тела,Физическая активность,ОНЛАЙН Лечебная физкультура,64,Мужчина
245,Для души,Творчество,ОНЛАЙН Иное литературное творчество,64,Мужчина
246,Для души,Творчество,ОНЛАЙН Вязание на спицах,62,Мужчина
247,Для тела,Физическая активность,Фигурное катание,61,Мужчина
248,Для ума,Образование,Экологические программы,60,Мужчина
249,Для души,Творчество,ОНЛАЙН Фитодизайн,60,Мужчина
250,Для души,Пение,ОНЛАЙН Хоровое пение,59,Мужчина
251,Для ума,Образование,ОНЛАЙН Тренинги личностного роста,59,Мужчина
252,Для ума,Образование,ОНЛАЙН Авторские курсы/маршруты,58,Мужчина
253,Для тела,Физическая активность,Скалолазание,57,Мужчина
254,Для души,Рисование,Масляная живопись,53,Мужчина
255,Для ума,Спецпроект / Интеллектуальный клуб,Английский язык для общения и путешествий. Продвинутый курс,52,Мужчина
256,Для ума,Образование,Генеалогия,52,Мужчина
257,Для души,Спецпроект / Интеллектуальный клуб,ОНЛАЙН Прикладная живопись,52,Мужчина
258,Для ума,Образование,"Психологический лекторий ""Всё только начинается""",52,Мужчина
259,Для души,Творчество,Творческие встречи,49,Мужчина
260,Для души,Спецпроект / Интеллектуальный клуб,ОНЛАЙН История Москвы и России для всех поколений,47,Мужчина
261,Для души,Творчество,Дизайн интерьера,47,Мужчина
262,Для ума,Творчество,Дизайн интерьера,47,Мужчина
263,Для ума,Спецпроект / Интеллектуальный клуб,ОНЛАЙН Испанский язык для общения и путешествий. Базовый курс,44,Мужчина
264,Для души,Рисование,Графика,43,Мужчина
265,Для души,Творчество,Вторая жизнь вещей,42,Мужчина
266,Для души,Творчество,ОНЛАЙН Художественное слово,42,Мужчина
267,Для ума,Спецпроект / Интеллектуальный клуб,"ОНЛАЙН Смартфоны и компьютеры - это удобно, практично",42,Мужчина
268,Для души,Творчество,"Текстильный дизайн, кройка и шитье",42,Мужчина
269,Для ума,Образование,3D-моделирование,42,Мужчина
270,Для тела,Физическая активность,Аэробика,41,Мужчина
271,Для ума,Образование,"ОНЛАЙН Свой бизнес, самозанятость",41,Мужчина
272,Для души,Творчество,ОНЛАЙН Подарки своими руками,40,Мужчина
273,Для ума,Спецпроект / Интеллектуальный клуб,Бояться нельзя или Смартфон для повседневной жизни,39,Мужчина
274,Для души,Творчество,ОНЛАЙН Огород на подоконнике,39,Мужчина
275,Для ума,Образование,Эмоциональный интеллект,34,Мужчина
276,Для души,Творчество,"Изготовление кукол, игрушек",34,Мужчина
277,Для ума,Спецпроект / Интеллектуальный клуб,ОНЛАЙН Информационное пространство жизни. Базовый курс,34,Мужчина
278,Для души,Творчество,Школа моделей,32,Мужчина
279,Для души,Творчество,Мастер-класс по уходу за кожей в зрелом возрасте,32,Мужчина
280,Для ума,Спецпроект / Интеллектуальный клуб,Китайский язык,32,Мужчина
281,Для тела,Физическая активность,Стрельба из лука,31,Мужчина
282,Для ума,Образование,Архитектура Москвы и Подмосковья,31,Мужчина
283,Для ума,Спецпроект / Интеллектуальный клуб,Итальянский язык для общения и путешествий. Базовый курс,31,Мужчина
284,Для души,Творчество,ОНЛАЙН История моды и прически,31,Мужчина
285,Для ума,Спецпроект / Серебряный университет,Предпринимательская деятельность в малом и среднем бизнесе,30,Мужчина
286,Для ума,Спецпроект / Серебряный университет,Компьютерная графика и дизайн,29,Мужчина
287,Для души,Творчество,ОНЛАЙН Школа макияжа,28,Мужчина
288,Для души,Творчество,ОНЛАЙН Организация пространства,28,Мужчина
289,Для тела,Физическая активность,Бодибалет,27,Мужчина
290,Для души,Образование,Киберспорт,27,Мужчина
291,Для ума,Спецпроект / Серебряный университет,Интернет-маркетинг,27,Мужчина
292,Для тела,Физическая активность,Джиу-джицу искусство рукопашного боя,26,Мужчина
293,Для тела,Физическая активность,ОНЛАЙН Дыхательная гимнастика по системе Стрельниковой,26,Мужчина
294,Для ума,Образование,ОНЛАЙН Здоровое похудение,26,Мужчина
295,Для ума,Спецпроект / Интеллектуальный клуб,Испанский язык для общения и путешествий. Базовый курс,26,Мужчина
296,Для ума,Образование,ОНЛАЙН Церковнославянский язык,25,Мужчина
297,Для души,Спецпроект / Интеллектуальный клуб,ОНЛАЙН Памятники отечественного искусства,25,Мужчина
298,Для тела,Физическая активность,Ушу,24,Мужчина
299,Для ума,Образование,Здоровый образ жизни (ЗОЖ),23,Мужчина
300,Для ума,Спецпроект / Интеллектуальный клуб,Немецкий язык для общения и путешествий. Базовый курс,23,Мужчина
301,Для души,Пение,Романсы,23,Мужчина
302,Для души,Спецпроект / Интеллектуальный клуб,ОНЛАЙН История русского искусства,23,Мужчина
303,Для ума,Образование,Французский язык продвинутый курс,22,Мужчина
304,Для ума,Спецпроект / Интеллектуальный клуб,Английский язык для общения и путешествий. Базовый курс,22,Мужчина
305,Для ума,Образование,"Свой бизнес, самозанятость",21,Мужчина
306,Для души,Творчество,Иное литературное творчество,21,Мужчина
307,Для души,Творчество,ОНЛАЙН Флористика,20,Мужчина
308,Для ума,Игры,Шашки,20,Мужчина
309,Для ума,Образование,ОНЛАЙН Греческий язык,19,Мужчина
310,Для души,Спецпроект / Интеллектуальный клуб,Прикладная живопись,19,Мужчина
311,Для ума,Спецпроект / Интеллектуальный клуб,"Современные средства и инструменты удаленного общения на смартфоне, планшете ОС Андроид. Продвинутый курс",18,Мужчина
312,Для души,Спецпроект / Интеллектуальный клуб,ОНЛАЙН Памятники мирового искусства. Вводный курс,18,Мужчина
313,Для тела,Физическая активность,Корригирующая гимнастика для глаз,17,Мужчина
314,Для души,Спецпроект / Интеллектуальный клуб,Короткий рисунок с живой натуры,15,Мужчина
315,Для души,Спецпроект / Интеллектуальный клуб,Памятники отечественного искусства,15,Мужчина
316,Для души,Творчество,"Плетение из бумаги, квиллинг, оригами",15,Мужчина
317,Для души,Спецпроект / Интеллектуальный клуб,ОНЛАЙН Дискуссионный клуб,14,Мужчина
318,Для ума,Образование,Иппотерапия,13,Мужчина
319,Для души,Спецпроект / Интеллектуальный клуб,Рисунок/графика,13,Мужчина
320,Для ума,Образование,Младшая медсестра,12,Мужчина
321,Для души,Творчество,ОНЛАЙН Валяние из шерсти,12,Мужчина
322,Для души,Творчество,ОНЛАЙН Дизайн одежды,12,Мужчина
323,Для ума,Спецпроект / Интеллектуальный клуб,Секреты немецкой грамматики. Продвинутый курс,11,Мужчина
324,Для ума,Спецпроект / Интеллектуальный клуб,Информационные технологии для москвичей,11,Мужчина
325,Для души,Творчество,ОНЛАЙН Вышивка атласными лентами,11,Мужчина
326,Для души,Творчество,Декупаж,11,Мужчина
327,Для ума,Образование,ОНЛАЙН Обучение игре на фортепьяно,11,Мужчина
328,Для души,Творчество,ОНЛАЙН Вторая жизнь вещей,10,Мужчина
329,Для души,Творчество,Вязание крючком,9,Мужчина
330,Для ума,Образование,Религиоведение,9,Мужчина
331,Для ума,Спецпроект / Интеллектуальный клуб,Основы компьютерной графики: обработка фотографий в графических редакторах. Базовый курс,9,Мужчина
332,Для души,Спецпроект / Интеллектуальный клуб,Москва и москвичи,8,Мужчина
333,Для ума,Спецпроект / Интеллектуальный клуб,ОНЛАЙН Немецкий язык для общения и путешествий. Базовый курс,8,Мужчина
334,Для души,Спецпроект / Интеллектуальный клуб,Памятники мирового искусства. Базовый курс,8,Мужчина
335,Для тела,Физическая активность,Дзюдо,7,Мужчина
336,Для ума,Спецпроект / Интеллектуальный клуб,Работа с офисными приложениями. Базовый курс,7,Мужчина
337,Для тела,Физическая активность,Степ-аэробика,7,Мужчина
338,Для ума,Образование,Москвоведение,7,Мужчина
339,Для ума,Спецпроект / Интеллектуальный клуб,Кружок правовой грамотности для людей предпенсионного возраста и пенсионеров,6,Мужчина
340,Для ума,Спецпроект / Интеллектуальный клуб,ОНЛАЙН Смартфон на каждый день (смартфон ОС IOS),6,Мужчина
341,Для души,Творчество,ОНЛАЙН Роспись по шелку (батик),6,Мужчина
342,Для ума,Спецпроект / Интеллектуальный клуб,Английский язык. Базовый курс,6,Мужчина
343,Для ума,Спецпроект / Интеллектуальный клуб,Психологические тренинги,6,Мужчина
344,Для ума,Спецпроект / Интеллектуальный клуб,Психология личностного роста серебряного возраста. Базовый курс,6,Мужчина
345,Для ума,Игры,Иные интеллектуальные игры,6,Мужчина
346,Для ума,Образование,Обучение игре на музыкальных инструментах,6,Мужчина
347,Для ума,Образование,ОНЛАЙН Техника речи,6,Мужчина
348,Для души,Танцы,Линейные танцы,6,Мужчина
349,Для ума,Образование,Защита от мошенников,5,Мужчина
350,Для ума,Спецпроект / Серебряный университет,Экскурсоведение,5,Мужчина
351,Для души,Творчество,ОНЛАЙН Лоскутное шитье,4,Мужчина
352,Для ума,Спецпроект / Интеллектуальный клуб,ОНЛАЙН Психология дошкольника или как помочь внуку. Вводный курс,4,Мужчина
353,Для души,Творчество,Школа маникюра,4,Мужчина
354,Для тела,Физическая активность,Танцевальная физкультура,4,Мужчина
355,Для души,Танцы,ОНЛАЙН Классические танцы,4,Мужчина
356,Для ума,Спецпроект / Интеллектуальный клуб,Психологические проблемы общения. Базовый курс,3,Мужчина
357,Для ума,Спецпроект / Интеллектуальный клуб,Основы видеомонтажа: от идеи до результата. Базовый курс,3,Мужчина
358,Для тела,Физическая активность,Регби,3,Мужчина
359,Для ума,Спецпроект / Интеллектуальный клуб,ОНЛАЙН Все о смартфонах. Чему и как учиться? (ОС Android/IOS),3,Мужчина
360,Для ума,Спецпроект / Интеллектуальный клуб,Литературное творчество в современном мире. Базовый курс,3,Мужчина
361,Для души,Творчество,Роспись по шелку (батик),3,Мужчина
362,Для ума,Образование,Безопасность жизнедеятельности,3,Мужчина
363,Для ума,Образование,ОНЛАЙН Продвинутый интернет,3,Мужчина
364,Для ума,Спецпроект / Интеллектуальный клуб,Французский язык для общения и путешествий. Базовый курс,2,Мужчина
365,Для души,Творчество,Вышивка атласными лентами,2,Мужчина
366,Для тела,Физическая активность,Самбо,2,Мужчина
367,Для души,Творчество,Художественные промыслы,2,Мужчина
368,Для ума,Игры,ОНЛАЙН Викторины,2,Мужчина
369,Для ума,Игры,Викторины,2,Мужчина
370,Для тела,Физическая активность,Тхэквондо,2,Мужчина
371,Для ума,Спецпроект / Интеллектуальный клуб,Все о смартфонах. Чему и как учиться? (ОС Android/IOS),2,Мужчина
372,Для ума,Спецпроект / Интеллектуальный клуб,Современный этикет. Практический курс,1,Мужчина
373,Для ума,Игры,Современные настольные игры,1,Мужчина
374,Для ума,Образование,Оказание первой помощи,1,Мужчина
375,Для души,Танцы,ОНЛАЙН Современные танцы,1,Мужчина
376,Для тела,Физическая активность,Капоэйра— бразильское национальное боевое искусство,1,Мужчина
377,Для ума,Образование,Уход и содержание домашних животных,1,Мужчина
378,Для души,Танцы,Фламенко,1,Мужчина
379,Для души,Творчество,ОНЛАЙН Декупаж,1,Мужчина
380,Для души,Творчество,ОНЛАЙН Школа моделей,1,Мужчина
381,Для ума,Спецпроект / Интеллектуальный клуб,ОНЛАЙН Итальянский язык для общения и путешествий. Базовый курс,1,Мужчина
0,Для души,Творчество,ОНЛАЙН Мастер-класс по уходу за кожей в зрелом возрасте,410858,Женщина
1,Для ума,Образование,ОНЛАЙН Психологические тренинги,283700,Женщина
2,Для тела,Физическая активность,ОНЛАЙН Гимнастика,203935,Женщина
3,Для тела,Физическая активность,Скандинавская ходьба,171116,Женщина
4,Для тела,Физическая активность,ОНЛАЙН Суставная гимнастика,167732,Женщина
5,Для ума,Образование,ОНЛАЙН Английский язык,156022,Женщина
6,Для ума,Образование,ОНЛАЙН Правильное питание,138892,Женщина
7,Для души,Рисование,ОНЛАЙН Различные техники рисования,137282,Женщина
8,Для ума,Образование,ОНЛАЙН Краеведение и онлайн-экскурсии,137188,Женщина
9,Для ума,Образование,ОНЛАЙН Здорово жить,135208,Женщина
10,Для ума,Образование,ОНЛАЙН История искусства,134453,Женщина
11,Для тела,Физическая активность,ОФП,119091,Женщина
12,Для тела,Физическая активность,ОНЛАЙН Оздоровительная гимнастика,111639,Женщина
13,Для тела,Физическая активность,ОНЛАЙН Здоровая спина,106617,Женщина
14,Для ума,Игры,ОНЛАЙН Иные интеллектуальные игры,99547,Женщина
15,Для ума,Образование,Английский язык,89614,Женщина
16,Для тела,Физическая активность,Гимнастика,75495,Женщина
17,Для ума,Образование,Краеведение и пешие прогулки,74233,Женщина
18,Для ума,Образование,ОНЛАЙН Осваиваем мобильные устройства,72821,Женщина
19,Для ума,Образование,ОНЛАЙН Испанский язык,69274,Женщина
20,Для тела,Физическая активность,Зумба,68084,Женщина
21,Для души,Танцы,Танцы для всех,67458,Женщина
22,Для тела,Физическая активность,ОНЛАЙН Физкультурно-оздоровительные занятия,66982,Женщина
23,Для ума,Образование,Осваиваем мобильные устройства,61760,Женщина
24,Для ума,Образование,"ОНЛАЙН История, культура России",60775,Женщина
25,Для души,Образование,"ОНЛАЙН История, культура России",60775,Женщина
26,Для ума,Образование,ОНЛАЙН Итальянский язык,60324,Женщина
27,Для тела,Физическая активность,Здоровая спина,60054,Женщина
28,Для души,Танцы,ОНЛАЙН Танцы для всех,59683,Женщина
29,Для ума,Образование,ОНЛАЙН Французский язык,57418,Женщина
30,Для тела,Физическая активность,ОНЛАЙН Дыхательная гимнастика,53634,Женщина
31,Для тела,Физическая активность,ОНЛАЙН Цигун,53269,Женщина
32,Для тела,Физическая активность,Цигун,51850,Женщина
33,Для ума,Образование,ОНЛАЙН Английский язык для начинающих,50132,Женщина
34,Для тела,Физическая активность,Суставная гимнастика,50086,Женщина
35,Для тела,Физическая активность,Настольный теннис,49590,Женщина
36,Для тела,Физическая активность,Йога,48382,Женщина
37,Для души,Творчество,ОНЛАЙН Кулинарные курсы,46920,Женщина
38,Для тела,Физическая активность,Дыхательная гимнастика,43492,Женщина
39,Для ума,Образование,ОНЛАЙН Правовая грамотность,43008,Женщина
40,Для ума,Образование,ОНЛАЙН Немецкий язык,42974,Женщина
41,Для ума,Образование,ОНЛАЙН География. Путешествия вокруг света,42371,Женщина
42,Для ума,Образование,ОНЛАЙН Гимнастика мозга,41280,Женщина
43,Для души,Творчество,ОНЛАЙН Рукоделие и творчество,41214,Женщина
44,Для ума,Образование,Курсы компьютерной грамотности,40936,Женщина
45,Для тела,Физическая активность,Фитнес,39001,Женщина
46,Для тела,Физическая активность,ОНЛАЙН Йога,38705,Женщина
47,Для души,Танцы,Бальные танцы,38022,Женщина
48,Для тела,Физическая активность,ОНЛАЙН ОФП,37591,Женщина
49,Для ума,Образование,ОНЛАЙН Курсы компьютерной грамотности,37542,Женщина
50,Для души,Рисование,Различные техники рисования,35615,Женщина
51,Для души,Пение,Хоровое пение,34876,Женщина
52,Для души,Пение,Пение,34079,Женщина
53,Для ума,Образование,ОНЛАЙН Здоровый сон,33772,Женщина
54,Для ума,Образование,ОНЛАЙН Китайский язык,33420,Женщина
55,Для ума,Творчество,ОНЛАЙН Ландшафтный дизайн,32992,Женщина
56,Для души,Творчество,ОНЛАЙН Ландшафтный дизайн,32992,Женщина
57,Для души,Танцы,Латиноамериканские танцы,32820,Женщина
58,Для души,Рисование,ОНЛАЙН Акварельная живопись,32336,Женщина
59,Для тела,Физическая активность,Пилатес,32070,Женщина
60,Для ума,Образование,"ОНЛАЙН История, культура Москвы",31689,Женщина
61,Для ума,Образование,ОНЛАЙН Ментальная арифметика,31064,Женщина
62,Для тела,Физическая активность,Оздоровительная гимнастика,30986,Женщина
63,Для ума,Образование,ОНЛАЙН Здоровый образ жизни (ЗОЖ),29668,Женщина
64,Для тела,Физическая активность,Тренажеры,28133,Женщина
65,Для ума,Образование,ОНЛАЙН Основы духовной культуры,27646,Женщина
66,Для тела,Физическая активность,ОНЛАЙН Корригирующая гимнастика для глаз,25588,Женщина
67,Для души,Творчество,ОНЛАЙН Садоводство,25005,Женщина
68,Для души,Творчество,ОНЛАЙН История моды и прически,24760,Женщина
69,Для души,Творчество,Рукоделие и творчество,24268,Женщина
70,Для души,Творчество,"ОНЛАЙН Текстильный дизайн, кройка и шитье",23413,Женщина
71,Для ума,Образование,Гимнастика мозга,23208,Женщина
72,Для души,Творчество,"ОНЛАЙН Изготовление кукол, игрушек",22491,Женщина
73,Для ума,Образование,Психологические тренинги,21820,Женщина
74,Для тела,Спецпроект / Тренировки долголетия (спецпроект по медицинской реабилитации),Тренировки долголетия (спецпроект по медицинской реабилитации),21736,Женщина
75,Для ума,Образование,ОНЛАЙН Краеведение и онлайн-экскурсии по Москве и России,21449,Женщина
76,Для души,Творчество,ОНЛАЙН Вязание крючком,21109,Женщина
77,Для ума,Образование,Английский язык для начинающих,20890,Женщина
78,Для ума,Образование,Памятники культуры,20527,Женщина
79,Для души,Творчество,ОНЛАЙН Школа макияжа,20009,Женщина
80,Для души,Рисование,ОНЛАЙН Китайская живопись У-Син,18832,Женщина
81,Для тела,Физическая активность,ОНЛАЙН Адаптивная и тонизирующая гимнастика,18440,Женщина
82,Для души,Рисование,ОНЛАЙН Рисование анти-стресс,17540,Женщина
83,Для души,Танцы,Восточные танцы,15504,Женщина
84,Для ума,Образование,Авторские курсы/маршруты,15462,Женщина
85,Для ума,Образование,Немецкий язык,14376,Женщина
86,Для ума,Образование,Французский язык,14018,Женщина
87,Для души,Творчество,ОНЛАЙН Литература,13945,Женщина
88,Для ума,Творчество,ОНЛАЙН Литература,13945,Женщина
89,Для души,Рисование,ИЗО,13933,Женщина
90,Для ума,Образование,ОНЛАЙН Искусство коммуникаций,13740,Женщина
91,Для души,Творчество,ОНЛАЙН Изготовление аксессуаров и декоративных украшений,13553,Женщина
92,Для души,Рисование,ОНЛАЙН ИЗО,13332,Женщина
93,Для ума,Образование,Испанский язык,13154,Женщина
94,Для души,Спецпроект / Московский театрал,ОНЛАЙН Московский театрал,13070,Женщина
95,Для ума,Образование,ОНЛАЙН Эмоциональный интеллект,12342,Женщина
96,Для тела,Физическая активность,Стрейчинг,11577,Женщина
97,Для души,Танцы,ОНЛАЙН Латиноамериканские танцы,11296,Женщина
98,Для ума,Образование,ОНЛАЙН Перезагрузка (программа школы для помощи внукам)/ знай учебник лучше внука,11157,Женщина
99,Для ума,Образование,ОНЛАЙН Английский язык разговорный,11065,Женщина
100,Для души,Творчество,ОНЛАЙН Вязание на спицах,10517,Женщина
101,Для души,Рисование,ОНЛАЙН Графика,10503,Женщина
102,Для ума,Образование,"ОНЛАЙН Экономическая, финансовая грамотность",10360,Женщина
103,Для ума,Образование,Здорово жить,10128,Женщина
104,Для ума,Образование,ОНЛАЙН Москвоведение,10008,Женщина
105,Для тела,Физическая активность,Адаптивная и тонизирующая гимнастика,9797,Женщина
106,Для души,Творчество,ОНЛАЙН Литературная мастерская,9536,Женщина
107,Для ума,Образование,Итальянский язык,9066,Женщина
108,Для тела,Физическая активность,Физкультурно-оздоровительные занятия,8953,Женщина
109,Для ума,Образование,Экскурс в историю,8854,Женщина
110,Для ума,Образование,ОНЛАЙН Архитектура Москвы и Подмосковья,8760,Женщина
111,Для души,Танцы,Народные танцы,8754,Женщина
112,Для души,Рисование,Акварельная живопись,8628,Женщина
113,Для души,Творчество,ОНЛАЙН Дизайн интерьера,8248,Женщина
114,Для ума,Творчество,ОНЛАЙН Дизайн интерьера,8248,Женщина
115,Для тела,Физическая активность,ОНЛАЙН Лечебная физкультура,8186,Женщина
116,Для души,Танцы,ОНЛАЙН Восточные танцы,7994,Женщина
117,Для души,Танцы,Классические танцы,7920,Женщина
118,Для ума,Образование,ОНЛАЙН История литературы,7866,Женщина
119,Для души,Творчество,ОНЛАЙН Фотостудия/видеостудия,7829,Женщина
120,Для души,Спецпроект / Московский театрал,Московский театрал,7666,Женщина
121,Для души,Творчество,ОНЛАЙН Организация пространства,7440,Женщина
122,Для души,Танцы,Спортивные танцы,6928,Женщина
123,Для тела,Физическая активность,Бильярд,6900,Женщина
124,Для тела,Физическая активность,Танцевальная гимнастика,6818,Женщина
125,Для ума,Образование,"ОНЛАЙН Психологический лекторий ""Всё только начинается""",6729,Женщина
126,Для ума,Образование,ОНЛАЙН Иные иностранные языки,6712,Женщина
127,Для ума,Образование,История искусства,6622,Женщина
128,Для тела,Физическая активность,Дыхательная гимнастика по системе Стрельниковой,6576,Женщина
129,Для ума,Образование,Английский язык разговорный,6311,Женщина
130,Для души,Творчество,Мастер-класс по уходу за кожей в зрелом возрасте,6300,Женщина
131,Для души,Танцы,Хореография,6140,Женщина
132,Для ума,Образование,ОНЛАЙН Автомобильная школа,6106,Женщина
133,Для ума,Образование,ОНЛАЙН Генеалогия,5895,Женщина
134,Для тела,Физическая активность,Лечебная физкультура,5873,Женщина
135,Для ума,Образование,Китайский язык,5846,Женщина
136,Для тела,Физическая активность,ОНЛАЙН Танцевальная гимнастика,5844,Женщина
137,Для души,Творчество,Вязание крючком,5705,Женщина
138,Для души,Творчество,"Керамика (глина, тестопластика)",5660,Женщина
139,Для души,Танцы,Исторические танцы,5481,Женщина
140,Для души,Танцы,Современные танцы,5439,Женщина
141,Для ума,Образование,Правильное питание,5336,Женщина
142,Для души,Творчество,ОНЛАЙН Вышивка атласными лентами,5221,Женщина
143,Для души,Творчество,Вязание на спицах,5205,Женщина
144,Для ума,Образование,ОНЛАЙН Религиоведение,5101,Женщина
145,Для ума,Образование,ОНЛАЙН Авторские курсы/маршруты,5071,Женщина
146,Для души,Рисование,ОНЛАЙН Масляная живопись,4877,Женщина
147,Для тела,Физическая активность,Волейбол,4812,Женщина
148,Для души,Творчество,ОНЛАЙН Подарки своими руками,4776,Женщина
149,Для ума,Образование,ОНЛАЙН История кинематографа,4728,Женщина
150,Для души,Творчество,Кулинарные курсы,4660,Женщина
151,Для ума,Игры,ОНЛАЙН Шахматы и шашки,4646,Женщина
152,Для души,Рисование,Основы академического рисунка и живописи,4637,Женщина
153,Для ума,Образование,ОНЛАЙН Турецкий язык,4583,Женщина
154,Для ума,Спецпроект / Интеллектуальный клуб,ОНЛАЙН Итальянский язык,4494,Женщина
155,Для тела,Физическая активность,ГТО,4438,Женщина
156,Для тела,Физическая активность,Ритмика и движение,4345,Женщина
157,Для души,Пение,ОНЛАЙН Пение,4125,Женщина
158,Для души,Танцы,Клубные танцы,4065,Женщина
159,Для души,Рисование,ОНЛАЙН Основы академического рисунка и живописи,3990,Женщина
160,Для ума,Образование,ОНЛАЙН Краеведение и онлайн-экскурсии по миру,3976,Женщина
161,Для души,Творчество,"Текстильный дизайн, кройка и шитье",3958,Женщина
162,Для ума,Образование,Работа на компьютере и в социальных сетях,3900,Женщина
163,Для души,Творчество,Школа моделей,3821,Женщина
164,Для тела,Физическая активность,ОНЛАЙН Дыхательная гимнастика по системе Стрельниковой,3711,Женщина
165,Для ума,Образование,Основы духовной культуры,3701,Женщина
166,Для ума,Образование,ОНЛАЙН Уход и содержание домашних животных,3577,Женщина
167,Для ума,Спецпроект / Интеллектуальный клуб,ОНЛАЙН Английский язык для общения и путешествий. Базовый курс,3522,Женщина
168,Для тела,Физическая активность,Тир. Стрельба из пневматического/лазерного оружия,3336,Женщина
169,Для ума,Образование,ОНЛАЙН Арабский язык,3320,Женщина
170,Для души,Творчество,Декупаж,3256,Женщина
171,Для тела,Физическая активность,Иные подвижные игры,3195,Женщина
172,Для тела,Физическая активность,Аэробика,3068,Женщина
173,Для души,Творчество,ОНЛАЙН Валяние из шерсти,3053,Женщина
174,Для души,Рисование,Рисование анти-стресс,2972,Женщина
175,Для тела,Физическая активность,Бадминтон,2942,Женщина
176,Для души,Творчество,ОНЛАЙН Дизайн одежды,2891,Женщина
177,Для тела,Физическая активность,Танцевальная физкультура,2884,Женщина
178,Для души,Творчество,ОНЛАЙН Школа моделей,2872,Женщина
179,Для души,Творчество,ОНЛАЙН Флористика,2797,Женщина
180,Для души,Танцы,ОНЛАЙН Спортивные танцы,2633,Женщина
181,Для души,Творчество,Фотостудия/видеостудия,2616,Женщина
182,Для души,Спецпроект / Интеллектуальный клуб,ОНЛАЙН Памятники мирового искусства. Базовый курс,2493,Женщина
183,Для души,Танцы,Фламенко,2493,Женщина
184,Для души,Творчество,Садоводство,2486,Женщина
185,Для души,Пение,Фольклорная песня,2435,Женщина
186,Для ума,Спецпроект / Интеллектуальный клуб,ОНЛАЙН Информационные технологии для москвичей,2353,Женщина
187,Для ума,Образование,Ментальная арифметика,2297,Женщина
188,Для тела,Физическая активность,ОНЛАЙН Ушу,2270,Женщина
189,Для души,Творчество,Лоскутное шитье,2248,Женщина
190,Для души,Творчество,ОНЛАЙН Музыка,2229,Женщина
191,Для души,Творчество,ОНЛАЙН Художественное слово,2162,Женщина
192,Для ума,Образование,Электронные услуги: учимся пользоваться,2144,Женщина
193,Для ума,Творчество,Ландшафтный дизайн,2075,Женщина
194,Для души,Творчество,Ландшафтный дизайн,2075,Женщина
195,Для души,Пение,ОНЛАЙН Романсы,2050,Женщина
196,Для ума,Образование,Психологический лекторий,2004,Женщина
197,Для ума,Образование,"История, культура России",1995,Женщина
198,Для души,Образование,"История, культура России",1995,Женщина
199,Для души,Творчество,Музыка,1992,Женщина
200,Для ума,Образование,Правовая грамотность,1918,Женщина
201,Для тела,Физическая активность,Тайцзи,1914,Женщина
202,Для ума,Образование,Здоровый образ жизни (ЗОЖ),1877,Женщина
203,Для ума,Образование,Техника речи,1859,Женщина
204,Для души,Спецпроект / Интеллектуальный клуб,ОНЛАЙН Акварельная живопись,1758,Женщина
205,Для ума,Образование,ОНЛАЙН Японский язык,1726,Женщина
206,Для ума,Образование,ОНЛАЙН Скорочтение,1714,Женщина
207,Для ума,Спецпроект / Интеллектуальный клуб,ОНЛАЙН Бояться нельзя или Смартфон для повседневной жизни,1700,Женщина
208,Для тела,Физическая активность,Степ-аэробика,1674,Женщина
209,Для души,Творчество,ОНЛАЙН Вторая жизнь вещей,1672,Женщина
210,Для души,Творчество,Роспись по шелку (батик),1611,Женщина
211,Для ума,Образование,Обучение игре на гитаре,1604,Женщина
212,Для ума,Образование,Доступный интернет,1591,Женщина
213,Для ума,Игры,Шахматы,1588,Женщина
214,Для тела,Физическая активность,Ушу,1584,Женщина
215,Для души,Пение,Современная песня,1575,Женщина
216,Для ума,Образование,ОНЛАЙН Тренинги личностного роста,1554,Женщина
217,Для души,Творчество,ОНЛАЙН Огород на подоконнике,1471,Женщина
218,Для души,Рисование,Масляная живопись,1466,Женщина
219,Для души,Творчество,Уход за волосами,1444,Женщина
220,Для ума,Образование,ОНЛАЙН Наука,1414,Женщина
221,Для ума,Спецпроект / Интеллектуальный клуб,ОНЛАЙН Основы компьютерной графики: обработка фотографий в графических редакторах. Базовый курс,1399,Женщина
222,Для ума,Спецпроект / Интеллектуальный клуб,ОНЛАЙН Французский язык для общения и путешествий. Базовый курс,1387,Женщина
223,Для души,Танцы,ОНЛАЙН Бальные танцы,1343,Женщина
224,Для тела,Физическая активность,Бодибалет,1318,Женщина
225,Для души,Спецпроект / Интеллектуальный клуб,ОНЛАЙН История зарубежного искусства,1276,Женщина
226,Для души,Спецпроект / Интеллектуальный клуб,ОНЛАЙН Прикладная живопись,1266,Женщина
227,Для ума,Игры,ОНЛАЙН Иные настольные игры,1250,Женщина
228,Для ума,Спецпроект / Интеллектуальный клуб,ОНЛАЙН Немецкий язык для общения и путешествий. Базовый курс,1216,Женщина
229,Для ума,Спецпроект / Интеллектуальный клуб,ОНЛАЙН Итальянский язык для общения и путешествий. Базовый курс,1211,Женщина
230,Для души,Творчество,Подарки своими руками,1198,Женщина
231,Для души,Творчество,Витражное искусство,1194,Женщина
232,Для тела,Физическая активность,Большой теннис,1188,Женщина
233,Для души,Творчество,ОНЛАЙН Лоскутное шитье,1176,Женщина
234,Для ума,Образование,История кинематографа,1170,Женщина
235,Для ума,Образование,"История, культура Москвы",1155,Женщина
236,Для души,Творчество,ОНЛАЙН Вышивка гладью и крестом,1126,Женщина
237,Для души,Творчество,Изготовление аксессуаров и декоративных украшений,1113,Женщина
238,Для ума,Творчество,Литература,1105,Женщина
239,Для души,Творчество,Литература,1105,Женщина
240,Для души,Творчество,Художественное слово,1088,Женщина
241,Для души,Спецпроект / Интеллектуальный клуб,ОНЛАЙН Памятники отечественного искусства,1086,Женщина
242,Для души,Спецпроект / Интеллектуальный клуб,Клуб любителей истории,1081,Женщина
243,Для ума,Образование,Искусство коммуникаций,1071,Женщина
244,Для души,Танцы,ОНЛАЙН Хореография,1064,Женщина
245,Для ума,Образование,Экологические программы,1053,Женщина
246,Для ума,Образование,ОНЛАЙН Работа на компьютере и в социальных сетях,1049,Женщина
247,Для ума,Образование,Продвинутый интернет,1045,Женщина
248,Для души,Творчество,"Изготовление кукол, игрушек",1043,Женщина
249,Для души,Творчество,Литературная мастерская,1012,Женщина
250,Для ума,Образование,"ОНЛАЙН Свой бизнес, самозанятость",991,Женщина
251,Для ума,Образование,Скорочтение,984,Женщина
252,Для души,Творчество,Вышивка атласными лентами,939,Женщина
253,Для ума,Образование,ОНЛАЙН Здоровое похудение,935,Женщина
254,Для души,Спецпроект / Интеллектуальный клуб,Дискуссионный клуб,909,Женщина
255,Для ума,Образование,Автомобильная школа,897,Женщина
256,Для ума,Игры,Иные интеллектуальные игры,869,Женщина
257,Для души,Спецпроект / Интеллектуальный клуб,ОНЛАЙН История Москвы и России для всех поколений,846,Женщина
258,Для души,Творчество,Вторая жизнь вещей,840,Женщина
259,Для души,Творчество,История моды и прически,838,Женщина
260,Для души,Творчество,ОНЛАЙН Английская литература,837,Женщина
261,Для ума,Образование,ОНЛАЙН Доступный интернет,836,Женщина
262,Для души,Творчество,Роспись по дереву. Художественная обработка древесины,830,Женщина
263,Для тела,Физическая активность,Калланетика,830,Женщина
264,Для души,Танцы,ОНЛАЙН Современные танцы,824,Женщина
265,Для ума,Спецпроект / Серебряный университет,ОНЛАЙН Педагог дополнительного образования,811,Женщина
266,Для ума,Образование,ОНЛАЙН Электронные услуги: учимся пользоваться,808,Женщина
267,Для тела,Физическая активность,ОНЛАЙН Тайцзи,799,Женщина
268,Для ума,Образование,ОНЛАЙН Астрономия,787,Женщина
269,Для ума,Спецпроект / Интеллектуальный клуб,ОНЛАЙН Основы видеомонтажа: от идеи до результата. Базовый курс,769,Женщина
270,Для души,Пение,ОНЛАЙН Хоровое пение,752,Женщина
271,Для души,Творчество,Валяние из шерсти,736,Женщина
272,Для ума,Игры,Шахматы и шашки,734,Женщина
273,Для души,Пение,Караоке,721,Женщина
274,Для души,Рисование,Графика,708,Женщина
275,Для ума,Творчество,Дизайн интерьера,703,Женщина
276,Для души,Творчество,Дизайн интерьера,703,Женщина
277,Для души,Творчество,ОНЛАЙН Роспись по шелку (батик),700,Женщина
278,Для ума,Образование,Эмоциональный интеллект,698,Женщина
279,Для ума,Образование,География. Путешествия вокруг света,689,Женщина
280,Для ума,Спецпроект / Интеллектуальный клуб,ОНЛАЙН Испанский язык для общения и путешествий. Базовый курс,670,Женщина
281,Для души,Творчество,Бисероплетение,664,Женщина
282,Для тела,Физическая активность,Лыжи,658,Женщина
283,Для души,Творчество,"Плетение из бумаги, квиллинг, оригами",640,Женщина
284,Для ума,Образование,Архитектура Москвы и Подмосковья,630,Женщина
285,Для ума,Образование,ОНЛАЙН Продвинутый интернет,615,Женщина
286,Для тела,Физическая активность,Фигурное катание,612,Женщина
287,Для души,Творчество,Творческие встречи,605,Женщина
288,Для ума,Образование,Кинолекторий,598,Женщина
289,Для ума,Образование,ОНЛАЙН Техника речи,586,Женщина
290,Для души,Рисование,Китайская живопись У-Син,568,Женщина
291,Для ума,Образование,Иные иностранные языки,564,Женщина
292,Для души,Творчество,Флористика,558,Женщина
293,Для ума,Игры,Иные настольные игры,558,Женщина
294,Для ума,Образование,"Психологический лекторий ""Всё только начинается""",551,Женщина
295,Для тела,Физическая активность,Петанк (бочче),548,Женщина
296,Для души,Спецпроект / Интеллектуальный клуб,ОНЛАЙН История русского искусства,543,Женщина
297,Для ума,Образование,"Экономическая, финансовая грамотность",542,Женщина
298,Для ума,Спецпроект / Интеллектуальный клуб,ОНЛАЙН Английский язык,524,Женщина
299,Для души,Творчество,Папье-маше,512,Женщина
300,Для ума,Образование,Религиоведение,494,Женщина
301,Для ума,Образование,ОНЛАЙН Церковнославянский язык,493,Женщина
302,Для ума,Образование,ОНЛАЙН Обучение игре на гитаре,488,Женщина
303,Для души,Творчество,ОНЛАЙН Фитодизайн,474,Женщина
304,Для ума,Спецпроект / Интеллектуальный клуб,Английский язык для общения и путешествий. Базовый курс,472,Женщина
305,Для души,Творчество,ОНЛАЙН Уход за волосами,463,Женщина
306,Для души,Спецпроект / Интеллектуальный клуб,Авторская кукла. Продвинутый курс,451,Женщина
307,Для ума,Образование,Уход и содержание домашних животных,449,Женщина
308,Для души,Танцы,Танцевальные вечера,445,Женщина
309,Для души,Творчество,Школа макияжа,430,Женщина
310,Для ума,Образование,Арабский язык,410,Женщина
311,Для души,Творчество,Иное литературное творчество,409,Женщина
312,Для ума,Игры,ОНЛАЙН Шахматы,404,Женщина
313,Для души,Творчество,Фольклор,404,Женщина
314,Для тела,Физическая активность,Баскетбол,399,Женщина
315,Для души,Пение,Бардовская песня,395,Женщина
316,Для тела,Физическая активность,Дартс,393,Женщина
317,Для души,Творчество,Школа маникюра,376,Женщина
318,Для тела,Физическая активность,Шейпинг,372,Женщина
319,Для ума,Спецпроект / Интеллектуальный клуб,Тренажер развития познавательных способностей,358,Женщина
320,Для ума,Образование,ОНЛАЙН Школа пчеловода,356,Женщина
321,Для ума,Спецпроект / Серебряный университет,Экскурсоведение,333,Женщина
322,Для души,Творчество,"ОНЛАЙН Плетение из бумаги, квиллинг, оригами",330,Женщина
323,Для души,Пение,Романсы,322,Женщина
324,Для ума,Образование,Генеалогия,321,Женщина
325,Для тела,Физическая активность,Корригирующая гимнастика для глаз,303,Женщина
326,Для ума,Спецпроект / Интеллектуальный клуб,Информационные технологии для москвичей,292,Женщина
327,Для тела,Физическая активность,Городки,277,Женщина
328,Для ума,Образование,"Свой бизнес, самозанятость",273,Женщина
329,Для ума,Спецпроект / Интеллектуальный клуб,Испанский язык для общения и путешествий. Базовый курс,270,Женщина
330,Для души,Спецпроект / Интеллектуальный клуб,Прикладная живопись,258,Женщина
331,Для ума,Спецпроект / Интеллектуальный клуб,Все о смартфонах. Чему и как учиться? (ОС Android/IOS),257,Женщина
332,Для ума,Образование,Младшая медсестра,247,Женщина
333,Для ума,Образование,ОНЛАЙН Обучение игре на фортепьяно,246,Женщина
334,Для тела,Физическая активность,Каратэ,246,Женщина
335,Для души,Танцы,ОНЛАЙН Классические танцы,239,Женщина
336,Для ума,Игры,Современные настольные игры,235,Женщина
337,Для тела,Физическая активность,Скалолазание,232,Женщина
338,Для ума,Спецпроект / Интеллектуальный клуб,ОНЛАЙН Информационное пространство жизни. Базовый курс,231,Женщина
339,Для ума,Спецпроект / Интеллектуальный клуб,Немецкий язык для общения и путешествий. Базовый курс,230,Женщина
340,Для ума,Образование,Тренинги личностного роста,219,Женщина
341,Для тела,Физическая активность,Атлетическая гимнастика,218,Женщина
342,Для души,Творчество,Карвинг (искусство художественной резки по овощам и фруктам),217,Женщина
343,Для души,Творчество,Канзаши (японские традиционные женские украшения из атласных лент),215,Женщина
344,Для ума,Спецпроект / Интеллектуальный клуб,Психологические проблемы общения. Базовый курс,215,Женщина
345,Для ума,Спецпроект / Серебряный университет,ОНЛАЙН Предпринимательская деятельность в малом и среднем бизнесе,212,Женщина
346,Для ума,Образование,Пилотное мастерство,210,Женщина
347,Для души,Творчество,ОНЛАЙН Иное литературное творчество,199,Женщина
348,Для ума,Образование,Французский язык продвинутый курс,198,Женщина
349,Для души,Творчество,Художественные промыслы,194,Женщина
350,Для ума,Спецпроект / Интеллектуальный клуб,Итальянский язык для общения и путешествий. Базовый курс,192,Женщина
351,Для души,Спецпроект / Интеллектуальный клуб,ОНЛАЙН Памятники мирового искусства. Вводный курс,187,Женщина
352,Для ума,Спецпроект / Интеллектуальный клуб,Английский язык для общения и путешествий. Продвинутый курс,186,Женщина
353,Для ума,Образование,Эко-практикум и эко-привычки,182,Женщина
354,Для ума,Спецпроект / Интеллектуальный клуб,Бояться нельзя или Смартфон для повседневной жизни,179,Женщина
355,Для ума,Спецпроект / Интеллектуальный клуб,"Смартфоны и компьютеры - это удобно, практично",174,Женщина
356,Для души,Спецпроект / Интеллектуальный клуб,Короткий рисунок с живой натуры,172,Женщина
357,Для души,Спецпроект / Интеллектуальный клуб,История Москвы и России для всех поколений,171,Женщина
358,Для ума,Образование,Обучение игре на музыкальных инструментах,169,Женщина
359,Для души,Спецпроект / Интеллектуальный клуб,Памятники мирового искусства. Базовый курс,165,Женщина
360,Для ума,Спецпроект / Интеллектуальный клуб,Психологические тренинги,162,Женщина
361,Для ума,Игры,Викторины,160,Женщина
362,Для ума,Образование,ОНЛАЙН Обучение игре на музыкальных инструментах,152,Женщина
363,Для ума,Спецпроект / Интеллектуальный клуб,Китайский язык,150,Женщина
364,Для ума,Спецпроект / Серебряный университет,Интернет-маркетинг,145,Женщина
365,Для ума,Спецпроект / Серебряный университет,Компьютерная графика и дизайн,143,Женщина
366,Для ума,Образование,Здоровое похудение,142,Женщина
367,Для ума,Образование,Оказание первой помощи,139,Женщина
368,Для души,Спецпроект / Интеллектуальный клуб,Рисунок/графика,137,Женщина
369,Для души,Спецпроект / Интеллектуальный клуб,ОНЛАЙН Дискуссионный клуб,135,Женщина
370,Для ума,Спецпроект / Интеллектуальный клуб,"Современные средства и инструменты удаленного общения на смартфоне, планшете ОС Андроид. Продвинутый курс",130,Женщина
371,Для ума,Спецпроект / Интеллектуальный клуб,ОНЛАЙН Как остаться с внуками на ты или секреты межпоколенческой коммуникации,129,Женщина
372,Для ума,Спецпроект / Интеллектуальный клуб,"ОНЛАЙН Эмоции, стресс и здоровье",128,Женщина
373,Для ума,Игры,Русское лото,128,Женщина
374,Для ума,Спецпроект / Интеллектуальный клуб,"ОНЛАЙН Смартфоны и компьютеры - это удобно, практично",127,Женщина
375,Для души,Творчество,Макраме,127,Женщина
376,Для ума,Образование,ОНЛАЙН Греческий язык,121,Женщина
377,Для ума,Образование,Москвоведение,118,Женщина
378,Для души,Спецпроект / Интеллектуальный клуб,Памятники отечественного искусства,118,Женщина
379,Для души,Образование,ОНЛАЙН Киберспорт,118,Женщина
380,Для ума,Спецпроект / Интеллектуальный клуб,Как остаться с внуками на ты или секреты межпоколенческой коммуникации,116,Женщина
381,Для ума,Спецпроект / Интеллектуальный клуб,ОНЛАЙН Психология личностного роста серебряного возраста. Базовый курс,110,Женщина
382,Для души,Творчество,Организация пространства,101,Женщина
383,Для ума,Спецпроект / Интеллектуальный клуб,ОНЛАЙН Французский язык,98,Женщина
384,Для тела,Физическая активность,Джиу-джицу искусство рукопашного боя,97,Женщина
385,Для души,Творчество,ОНЛАЙН Декупаж,97,Женщина
386,Для ума,Спецпроект / Интеллектуальный клуб,ОНЛАЙН Английский язык для общения и путешествий. Продвинутый курс,95,Женщина
387,Для души,Танцы,Линейные танцы,95,Женщина
388,Для ума,Спецпроект / Интеллектуальный клуб,Дизайнер интерьера,94,Женщина
389,Для ума,Спецпроект / Интеллектуальный клуб,ОНЛАЙН Все о смартфонах. Чему и как учиться? (ОС Android/IOS),92,Женщина
390,Для ума,Спецпроект / Интеллектуальный клуб,Основы компьютерной графики: обработка фотографий в графических редакторах. Базовый курс,87,Женщина
391,Для тела,Физическая активность,Тхэквондо,87,Женщина
392,Для ума,Спецпроект / Интеллектуальный клуб,Литературное творчество в современном мире. Базовый курс,86,Женщина
393,Для ума,Образование,Экскурсионные программы в музеях,85,Женщина
394,Для души,Творчество,Вышивка бисером,83,Женщина
395,Для души,Спецпроект / Интеллектуальный клуб,ОНЛАЙН Москва и москвичи,80,Женщина
396,Для ума,Образование,Иппотерапия,80,Женщина
397,Для души,Творчество,ОНЛАЙН Фольклор,76,Женщина
398,Для тела,Физическая активность,Футбол,72,Женщина
399,Для ума,Спецпроект / Интеллектуальный клуб,Секреты немецкой грамматики. Продвинутый курс,71,Женщина
400,Для души,Спецпроект / Интеллектуальный клуб,ОНЛАЙН Наше наследие: хранители истории,71,Женщина
401,Для ума,Образование,Эко-просвещение,70,Женщина
402,Для души,Спецпроект / Интеллектуальный клуб,Москва и москвичи,70,Женщина
403,Для тела,Физическая активность,Стрельба из лука,69,Женщина
404,Для ума,Образование,Астрономия,68,Женщина
405,Для ума,Образование,Церковнославянский язык,68,Женщина
406,Для тела,Физическая активность,Волейбол (пионербол),63,Женщина
407,Для души,Спецпроект / Интеллектуальный клуб,Студия семейного досуга и творчества,62,Женщина
408,Для души,Творчество,Английская литература,59,Женщина
409,Для ума,Образование,История литературы,58,Женщина
410,Для ума,Спецпроект / Интеллектуальный клуб,Бесконфликтное поведение,52,Женщина
411,Для души,Творчество,Изготовление и оформление фотоальбомов (Скрапбукинг),51,Женщина
412,Для ума,Образование,ОНЛАЙН Экскурс в историю,50,Женщина
413,Для души,Спецпроект / Интеллектуальный клуб,Авторская кукла. Базовый курс,45,Женщина
414,Для души,Спецпроект / Интеллектуальный клуб,Я – москвовед. Москва златоглавая. Базовый курс,44,Женщина
415,Для души,Спецпроект / Интеллектуальный клуб,ОНЛАЙН Живопись с нуля (правополушарное рисование),44,Женщина
416,Для ума,Спецпроект / Интеллектуальный клуб,Основы видеомонтажа: от идеи до результата. Базовый курс,40,Женщина
417,Для души,Творчество,ОНЛАЙН Карвинг (искусство художественной резки по овощам и фруктам),39,Женщина
418,Для ума,Спецпроект / Интеллектуальный клуб,Основы реставрации мебели,37,Женщина
419,Для ума,Образование,Защита от мошенников,37,Женщина
420,Для души,Образование,Киберспорт,36,Женщина
421,Для ума,Спецпроект / Интеллектуальный клуб,Французский язык для общения и путешествий. Базовый курс,36,Женщина
422,Для ума,Спецпроект / Серебряный университет,Предпринимательская деятельность в малом и среднем бизнесе,35,Женщина
423,Для ума,Спецпроект / Интеллектуальный клуб,Психология развития,34,Женщина
424,Для ума,Образование,Турецкий язык,34,Женщина
425,Для души,Творчество,Вышивка гладью и крестом,34,Женщина
426,Для души,Спецпроект / Интеллектуальный клуб,Дизайн интерьера,31,Женщина
427,Для ума,Спецпроект / Интеллектуальный клуб,Дизайн интерьера,31,Женщина
428,Для ума,Спецпроект / Интеллектуальный клуб,Английский язык. Базовый курс,30,Женщина
429,Для тела,Физическая активность,Капоэйра— бразильское национальное боевое искусство,29,Женщина
430,Для души,Рисование,Рисуем песком,29,Женщина
431,Для ума,Образование,Безопасность жизнедеятельности,28,Женщина
432,Для ума,Спецпроект / Интеллектуальный клуб,Работа с офисными приложениями. Базовый курс,27,Женщина
433,Для души,Творчество,Фитодизайн,26,Женщина
434,Для души,Творчество,ОНЛАЙН Витражное искусство,25,Женщина
435,Для ума,Спецпроект / Интеллектуальный клуб,Как провести интересную экскурсию или организовать тур?,23,Женщина
436,Для ума,Спецпроект / Интеллектуальный клуб,Взаимоотношения с детьми и внуками,23,Женщина
437,Для души,Творчество,Огород на подоконнике,23,Женщина
438,Для души,Творчество,Поэтические вечера,22,Женщина
439,Для ума,Образование,Греческий язык,21,Женщина
440,Для тела,Физическая активность,Регби,20,Женщина
441,Для ума,Спецпроект / Интеллектуальный клуб,Литературное творчество. Вводный курс,20,Женщина
442,Для души,Творчество,Дизайн одежды,20,Женщина
443,Для ума,Спецпроект / Интеллектуальный клуб,ОНЛАЙН Как провести интересную экскурсию или организовать тур?,20,Женщина
444,Для ума,Образование,Добровольчество (волонтерство),19,Женщина
445,Для ума,Спецпроект / Интеллектуальный клуб,ОНЛАЙН Еда с умом и для ума,18,Женщина
446,Для ума,Образование,Перезагрузка (программа школы для помощи внукам)/ знай учебник лучше внука,18,Женщина
447,Для души,Творчество,Плетение Фриволите (кружево),17,Женщина
448,Для ума,Спецпроект / Интеллектуальный клуб,Кружок правовой грамотности для людей предпенсионного возраста и пенсионеров,16,Женщина
449,Для души,Спецпроект / Интеллектуальный клуб,ОНЛАЙН Поэтический клуб,16,Женщина
450,Для души,Творчество,ОНЛАЙН Бисероплетение,15,Женщина
451,Для ума,Спецпроект / Интеллектуальный клуб,ОНЛАЙН Смартфон на каждый день (смартфон ОС IOS),13,Женщина
452,Для тела,Физическая активность,Хоккей/хоккей на траве/хоккей в зале,13,Женщина
453,Для души,Спецпроект / Интеллектуальный клуб,ОНЛАЙН Музыкальная гостиная,13,Женщина
454,Для ума,Образование,Японский язык,12,Женщина
455,Для тела,Физическая активность,Мини-футбол,11,Женщина
456,Для ума,Образование,3D-моделирование,10,Женщина
457,Для ума,Спецпроект / Интеллектуальный клуб,Секреты добрососедства,8,Женщина
458,Для души,Спецпроект / Интеллектуальный клуб,ОНЛАЙН Клуб книголюбов,8,Женщина
459,Для ума,Игры,Шашки,7,Женщина
460,Для ума,Спецпроект / Интеллектуальный клуб,ОНЛАЙН Психология дошкольника или как помочь внуку. Вводный курс,6,Женщина
461,Для ума,Игры,ОНЛАЙН Викторины,5,Женщина
462,Для ума,Спецпроект / Интеллектуальный клуб,Современный этикет. Практический курс,4,Женщина
463,Для души,Спецпроект / Интеллектуальный клуб,"История, культура России",4,Женщина
464,Для ума,Спецпроект / Интеллектуальный клуб,"История, культура России",4,Женщина
465,Для души,Спецпроект / Интеллектуальный клуб,Москвоведение. Я шагаю по Москве. Продвинутый курс,3,Женщина
466,Для ума,Спецпроект / Интеллектуальный клуб,ОНЛАЙН Экология человека. Как выжить в мегаполисе,3,Женщина
467,Для ума,Спецпроект / Интеллектуальный клуб,Психология личностного роста серебряного возраста. Базовый курс,3,Женщина
