,Разметка: Для ума/ Для души / Для тела,direction,leve3,quantity
137,Для души,Творчество,ОНЛАЙН Мастер-класс по уходу за кожей в зрелом возрасте,410858
345,Для ума,Образование,ОНЛАЙН Психологические тренинги,283700
209,Для тела,Физическая активность,ОНЛАЙН Гимнастика,203935
231,Для тела,Физическая активность,Скандинавская ходьба,171116
218,Для тела,Физическая активность,ОНЛАЙН Суставная гимнастика,167732
303,Для ума,Образование,ОНЛАЙН Английский язык,156022
342,Для ума,Образование,ОНЛАЙН Правильное питание,138892
25,Для души,Рисование,ОНЛАЙН Различные техники рисования,137282
328,Для ума,Образование,ОНЛАЙН Краеведение и онлайн-экскурсии,137188
314,Для ума,Образование,ОНЛАЙН Здорово жить,135208
321,Для ума,Образование,ОНЛАЙН История искусства,134453
224,Для тела,Физическая активность,ОФП,119091
217,Для тела,Физическая активность,ОНЛАЙН Оздоровительная гимнастика,111639
212,Для тела,Физическая активность,ОНЛАЙН Здоровая спина,106617
254,Для ума,Игры,ОНЛАЙН Иные интеллектуальные игры,99547
266,Для ума,Образование,Английский язык,89614
190,Для тела,Физическая активность,Гимнастика,75495
295,Для ума,Образование,Краеведение и пешие прогулки,74233
339,Для ума,Образование,ОНЛАЙН Осваиваем мобильные устройства,72821
320,Для ума,Образование,ОНЛАЙН Испанский язык,69274
197,Для тела,Физическая активность,Зумба,68084
83,Для души,Танцы,Танцы для всех,67458
222,Для тела,Физическая активность,ОНЛАЙН Физкультурно-оздоровительные занятия,66982
366,Для ума,Образование,Осваиваем мобильные устройства,61760
325,Для ума,Образование,"ОНЛАЙН История, культура России",60775
2,Для души,Образование,"ОНЛАЙН История, культура России",60775
326,Для ума,Образование,ОНЛАЙН Итальянский язык,60324
196,Для тела,Физическая активность,Здоровая спина,60054
78,Для души,Танцы,ОНЛАЙН Танцы для всех,59683
355,Для ума,Образование,ОНЛАЙН Французский язык,57418
210,Для тела,Физическая активность,ОНЛАЙН Дыхательная гимнастика,53634
223,Для тела,Физическая активность,ОНЛАЙН Цигун,53269
248,Для тела,Физическая активность,Цигун,51850
304,Для ума,Образование,ОНЛАЙН Английский язык для начинающих,50132
235,Для тела,Физическая активность,Суставная гимнастика,50086
207,Для тела,Физическая активность,Настольный теннис,49590
199,Для тела,Физическая активность,Йога,48382
132,Для души,Творчество,ОНЛАЙН Кулинарные курсы,46920
194,Для тела,Физическая активность,Дыхательная гимнастика,43492
343,Для ума,Образование,ОНЛАЙН Правовая грамотность,43008
335,Для ума,Образование,ОНЛАЙН Немецкий язык,42974
310,Для ума,Образование,ОНЛАЙН География. Путешествия вокруг света,42371
311,Для ума,Образование,ОНЛАЙН Гимнастика мозга,41280
144,Для души,Творчество,ОНЛАЙН Рукоделие и творчество,41214
296,Для ума,Образование,Курсы компьютерной грамотности,40936
245,Для тела,Физическая активность,Фитнес,39001
213,Для тела,Физическая активность,ОНЛАЙН Йога,38705
64,Для души,Танцы,Бальные танцы,38022
216,Для тела,Физическая активность,ОНЛАЙН ОФП,37591
331,Для ума,Образование,ОНЛАЙН Курсы компьютерной грамотности,37542
28,Для души,Рисование,Различные техники рисования,35615
13,Для души,Пение,Хоровое пение,34876
9,Для души,Пение,Пение,34079
317,Для ума,Образование,ОНЛАЙН Здоровый сон,33772
327,Для ума,Образование,ОНЛАЙН Китайский язык,33420
466,Для ума,Творчество,ОНЛАЙН Ландшафтный дизайн,32992
133,Для души,Творчество,ОНЛАЙН Ландшафтный дизайн,32992
69,Для души,Танцы,Латиноамериканские танцы,32820
19,Для души,Рисование,ОНЛАЙН Акварельная живопись,32336
227,Для тела,Физическая активность,Пилатес,32070
324,Для ума,Образование,"ОНЛАЙН История, культура Москвы",31689
332,Для ума,Образование,ОНЛАЙН Ментальная арифметика,31064
225,Для тела,Физическая активность,Оздоровительная гимнастика,30986
316,Для ума,Образование,ОНЛАЙН Здоровый образ жизни (ЗОЖ),29668
240,Для тела,Физическая активность,Тренажеры,28133
340,Для ума,Образование,ОНЛАЙН Основы духовной культуры,27646
214,Для тела,Физическая активность,ОНЛАЙН Корригирующая гимнастика для глаз,25588
145,Для души,Творчество,ОНЛАЙН Садоводство,25005
130,Для души,Творчество,ОНЛАЙН История моды и прически,24760
164,Для души,Творчество,Рукоделие и творчество,24268
146,Для души,Творчество,"ОНЛАЙН Текстильный дизайн, кройка и шитье",23413
275,Для ума,Образование,Гимнастика мозга,23208
128,Для души,Творчество,"ОНЛАЙН Изготовление кукол, игрушек",22491
374,Для ума,Образование,Психологические тренинги,21820
178,Для тела,Спецпроект / Тренировки долголетия (спецпроект по медицинской реабилитации),Тренировки долголетия (спецпроект по медицинской реабилитации),21736
329,Для ума,Образование,ОНЛАЙН Краеведение и онлайн-экскурсии по Москве и России,21449
122,Для души,Творчество,ОНЛАЙН Вязание крючком,21109
267,Для ума,Образование,Английский язык для начинающих,20890
368,Для ума,Образование,Памятники культуры,20527
153,Для души,Творчество,ОНЛАЙН Школа макияжа,20009
22,Для души,Рисование,ОНЛАЙН Китайская живопись У-Син,18832
208,Для тела,Физическая активность,ОНЛАЙН Адаптивная и тонизирующая гимнастика,18440
26,Для души,Рисование,ОНЛАЙН Рисование анти-стресс,17540
65,Для души,Танцы,Восточные танцы,15504
265,Для ума,Образование,Авторские курсы/маршруты,15462
300,Для ума,Образование,Немецкий язык,14376
385,Для ума,Образование,Французский язык,14018
134,Для души,Творчество,ОНЛАЙН Литература,13945
467,Для ума,Творчество,ОНЛАЙН Литература,13945
16,Для души,Рисование,ИЗО,13933
319,Для ума,Образование,ОНЛАЙН Искусство коммуникаций,13740
127,Для души,Творчество,ОНЛАЙН Изготовление аксессуаров и декоративных украшений,13553
21,Для души,Рисование,ОНЛАЙН ИЗО,13332
286,Для ума,Образование,Испанский язык,13154
63,Для души,Спецпроект / Московский театрал,ОНЛАЙН Московский театрал,13070
361,Для ума,Образование,ОНЛАЙН Эмоциональный интеллект,12342
233,Для тела,Физическая активность,Стрейчинг,11577
75,Для души,Танцы,ОНЛАЙН Латиноамериканские танцы,11296
341,Для ума,Образование,ОНЛАЙН Перезагрузка (программа школы для помощи внукам)/ знай учебник лучше внука,11157
305,Для ума,Образование,ОНЛАЙН Английский язык разговорный,11065
123,Для души,Творчество,ОНЛАЙН Вязание на спицах,10517
20,Для души,Рисование,ОНЛАЙН Графика,10503
358,Для ума,Образование,"ОНЛАЙН Экономическая, финансовая грамотность",10360
280,Для ума,Образование,Здорово жить,10128
333,Для ума,Образование,ОНЛАЙН Москвоведение,10008
179,Для тела,Физическая активность,Адаптивная и тонизирующая гимнастика,9797
135,Для души,Творчество,ОНЛАЙН Литературная мастерская,9536
292,Для ума,Образование,Итальянский язык,9066
244,Для тела,Физическая активность,Физкультурно-оздоровительные занятия,8953
392,Для ума,Образование,Экскурс в историю,8854
307,Для ума,Образование,ОНЛАЙН Архитектура Москвы и Подмосковья,8760
71,Для души,Танцы,Народные танцы,8754
14,Для души,Рисование,Акварельная живопись,8628
125,Для души,Творчество,ОНЛАЙН Дизайн интерьера,8248
465,Для ума,Творчество,ОНЛАЙН Дизайн интерьера,8248
215,Для тела,Физическая активность,ОНЛАЙН Лечебная физкультура,8186
73,Для души,Танцы,ОНЛАЙН Восточные танцы,7994
67,Для души,Танцы,Классические танцы,7920
323,Для ума,Образование,ОНЛАЙН История литературы,7866
151,Для души,Творчество,ОНЛАЙН Фотостудия/видеостудия,7829
62,Для души,Спецпроект / Московский театрал,Московский театрал,7666
140,Для души,Творчество,ОНЛАЙН Организация пространства,7440
81,Для души,Танцы,Спортивные танцы,6928
184,Для тела,Физическая активность,Бильярд,6900
237,Для тела,Физическая активность,Танцевальная гимнастика,6818
346,Для ума,Образование,"ОНЛАЙН Психологический лекторий ""Всё только начинается""",6729
318,Для ума,Образование,ОНЛАЙН Иные иностранные языки,6712
287,Для ума,Образование,История искусства,6622
195,Для тела,Физическая активность,Дыхательная гимнастика по системе Стрельниковой,6576
268,Для ума,Образование,Английский язык разговорный,6311
113,Для души,Творчество,Мастер-класс по уходу за кожей в зрелом возрасте,6300
85,Для души,Танцы,Хореография,6140
301,Для ума,Образование,ОНЛАЙН Автомобильная школа,6106
309,Для ума,Образование,ОНЛАЙН Генеалогия,5895
204,Для тела,Физическая активность,Лечебная физкультура,5873
294,Для ума,Образование,Китайский язык,5846
220,Для тела,Физическая активность,ОНЛАЙН Танцевальная гимнастика,5844
94,Для души,Творчество,Вязание крючком,5705
106,Для души,Творчество,"Керамика (глина, тестопластика)",5660
66,Для души,Танцы,Исторические танцы,5481
80,Для души,Танцы,Современные танцы,5439
371,Для ума,Образование,Правильное питание,5336
120,Для души,Творчество,ОНЛАЙН Вышивка атласными лентами,5221
95,Для души,Творчество,Вязание на спицах,5205
348,Для ума,Образование,ОНЛАЙН Религиоведение,5101
302,Для ума,Образование,ОНЛАЙН Авторские курсы/маршруты,5071
23,Для души,Рисование,ОНЛАЙН Масляная живопись,4877
187,Для тела,Физическая активность,Волейбол,4812
142,Для души,Творчество,ОНЛАЙН Подарки своими руками,4776
322,Для ума,Образование,ОНЛАЙН История кинематографа,4728
107,Для души,Творчество,Кулинарные курсы,4660
257,Для ума,Игры,ОНЛАЙН Шахматы и шашки,4646
27,Для души,Рисование,Основы академического рисунка и живописи,4637
353,Для ума,Образование,ОНЛАЙН Турецкий язык,4583
426,Для ума,Спецпроект / Интеллектуальный клуб,ОНЛАЙН Итальянский язык,4494
189,Для тела,Физическая активность,ГТО,4438
229,Для тела,Физическая активность,Ритмика и движение,4345
6,Для души,Пение,ОНЛАЙН Пение,4125
68,Для души,Танцы,Клубные танцы,4065
24,Для души,Рисование,ОНЛАЙН Основы академического рисунка и живописи,3990
330,Для ума,Образование,ОНЛАЙН Краеведение и онлайн-экскурсии по миру,3976
167,Для души,Творчество,"Текстильный дизайн, кройка и шитье",3958
377,Для ума,Образование,Работа на компьютере и в социальных сетях,3900
177,Для души,Творчество,Школа моделей,3821
211,Для тела,Физическая активность,ОНЛАЙН Дыхательная гимнастика по системе Стрельниковой,3711
367,Для ума,Образование,Основы духовной культуры,3701
354,Для ума,Образование,ОНЛАЙН Уход и содержание домашних животных,3577
418,Для ума,Спецпроект / Интеллектуальный клуб,ОНЛАЙН Английский язык для общения и путешествий. Базовый курс,3522
239,Для тела,Физическая активность,Тир. Стрельба из пневматического/лазерного оружия,3336
306,Для ума,Образование,ОНЛАЙН Арабский язык,3320
96,Для души,Творчество,Декупаж,3256
198,Для тела,Физическая активность,Иные подвижные игры,3195
181,Для тела,Физическая активность,Аэробика,3068
117,Для души,Творчество,ОНЛАЙН Валяние из шерсти,3053
29,Для души,Рисование,Рисование анти-стресс,2972
182,Для тела,Физическая активность,Бадминтон,2942
126,Для души,Творчество,ОНЛАЙН Дизайн одежды,2891
238,Для тела,Физическая активность,Танцевальная физкультура,2884
154,Для души,Творчество,ОНЛАЙН Школа моделей,2872
149,Для души,Творчество,ОНЛАЙН Флористика,2797
77,Для души,Танцы,ОНЛАЙН Спортивные танцы,2633
172,Для души,Творчество,Фотостудия/видеостудия,2616
51,Для души,Спецпроект / Интеллектуальный клуб,ОНЛАЙН Памятники мирового искусства. Базовый курс,2493
84,Для души,Танцы,Фламенко,2493
165,Для души,Творчество,Садоводство,2486
12,Для души,Пение,Фольклорная песня,2435
424,Для ума,Спецпроект / Интеллектуальный клуб,ОНЛАЙН Информационные технологии для москвичей,2353
297,Для ума,Образование,Ментальная арифметика,2297
221,Для тела,Физическая активность,ОНЛАЙН Ушу,2270
111,Для души,Творчество,Лоскутное шитье,2248
138,Для души,Творчество,ОНЛАЙН Музыка,2229
152,Для души,Творчество,ОНЛАЙН Художественное слово,2162
394,Для ума,Образование,Электронные услуги: учимся пользоваться,2144
463,Для ума,Творчество,Ландшафтный дизайн,2075
108,Для души,Творчество,Ландшафтный дизайн,2075
7,Для души,Пение,ОНЛАЙН Романсы,2050
375,Для ума,Образование,Психологический лекторий,2004
291,Для ума,Образование,"История, культура России",1995
0,Для души,Образование,"История, культура России",1995
114,Для души,Творчество,Музыка,1992
372,Для ума,Образование,Правовая грамотность,1918
236,Для тела,Физическая активность,Тайцзи,1914
282,Для ума,Образование,Здоровый образ жизни (ЗОЖ),1877
381,Для ума,Образование,Техника речи,1859
41,Для души,Спецпроект / Интеллектуальный клуб,ОНЛАЙН Акварельная живопись,1758
362,Для ума,Образование,ОНЛАЙН Японский язык,1726
350,Для ума,Образование,ОНЛАЙН Скорочтение,1714
420,Для ума,Спецпроект / Интеллектуальный клуб,ОНЛАЙН Бояться нельзя или Смартфон для повседневной жизни,1700
232,Для тела,Физическая активность,Степ-аэробика,1674
119,Для души,Творчество,ОНЛАЙН Вторая жизнь вещей,1672
163,Для души,Творчество,Роспись по шелку (батик),1611
363,Для ума,Образование,Обучение игре на гитаре,1604
278,Для ума,Образование,Доступный интернет,1591
260,Для ума,Игры,Шахматы,1588
242,Для тела,Физическая активность,Ушу,1584
11,Для души,Пение,Современная песня,1575
352,Для ума,Образование,ОНЛАЙН Тренинги личностного роста,1554
139,Для души,Творчество,ОНЛАЙН Огород на подоконнике,1471
18,Для души,Рисование,Масляная живопись,1466
168,Для души,Творчество,Уход за волосами,1444
334,Для ума,Образование,ОНЛАЙН Наука,1414
432,Для ума,Спецпроект / Интеллектуальный клуб,ОНЛАЙН Основы компьютерной графики: обработка фотографий в графических редакторах. Базовый курс,1399
438,Для ума,Спецпроект / Интеллектуальный клуб,ОНЛАЙН Французский язык для общения и путешествий. Базовый курс,1387
72,Для души,Танцы,ОНЛАЙН Бальные танцы,1343
185,Для тела,Физическая активность,Бодибалет,1318
45,Для души,Спецпроект / Интеллектуальный клуб,ОНЛАЙН История зарубежного искусства,1276
55,Для души,Спецпроект / Интеллектуальный клуб,ОНЛАЙН Прикладная живопись,1266
255,Для ума,Игры,ОНЛАЙН Иные настольные игры,1250
430,Для ума,Спецпроект / Интеллектуальный клуб,ОНЛАЙН Немецкий язык для общения и путешествий. Базовый курс,1216
427,Для ума,Спецпроект / Интеллектуальный клуб,ОНЛАЙН Итальянский язык для общения и путешествий. Базовый курс,1211
160,Для души,Творчество,Подарки своими руками,1198
89,Для души,Творчество,Витражное искусство,1194
186,Для тела,Физическая активность,Большой теннис,1188
136,Для души,Творчество,ОНЛАЙН Лоскутное шитье,1176
288,Для ума,Образование,История кинематографа,1170
290,Для ума,Образование,"История, культура Москвы",1155
121,Для души,Творчество,ОНЛАЙН Вышивка гладью и крестом,1126
99,Для души,Творчество,Изготовление аксессуаров и декоративных украшений,1113
464,Для ума,Творчество,Литература,1105
109,Для души,Творчество,Литература,1105
173,Для души,Творчество,Художественное слово,1088
53,Для души,Спецпроект / Интеллектуальный клуб,ОНЛАЙН Памятники отечественного искусства,1086
37,Для души,Спецпроект / Интеллектуальный клуб,Клуб любителей истории,1081
285,Для ума,Образование,Искусство коммуникаций,1071
79,Для души,Танцы,ОНЛАЙН Хореография,1064
390,Для ума,Образование,Экологические программы,1053
347,Для ума,Образование,ОНЛАЙН Работа на компьютере и в социальных сетях,1049
373,Для ума,Образование,Продвинутый интернет,1045
101,Для души,Творчество,"Изготовление кукол, игрушек",1043
110,Для души,Творчество,Литературная мастерская,1012
349,Для ума,Образование,"ОНЛАЙН Свой бизнес, самозанятость",991
380,Для ума,Образование,Скорочтение,984
91,Для души,Творчество,Вышивка атласными лентами,939
315,Для ума,Образование,ОНЛАЙН Здоровое похудение,935
34,Для души,Спецпроект / Интеллектуальный клуб,Дискуссионный клуб,909
264,Для ума,Образование,Автомобильная школа,897
251,Для ума,Игры,Иные интеллектуальные игры,869
44,Для души,Спецпроект / Интеллектуальный клуб,ОНЛАЙН История Москвы и России для всех поколений,846
90,Для души,Творчество,Вторая жизнь вещей,840
103,Для души,Творчество,История моды и прически,838
115,Для души,Творчество,ОНЛАЙН Английская литература,837
313,Для ума,Образование,ОНЛАЙН Доступный интернет,836
162,Для души,Творчество,Роспись по дереву. Художественная обработка древесины,830
200,Для тела,Физическая активность,Калланетика,830
76,Для души,Танцы,ОНЛАЙН Современные танцы,824
458,Для ума,Спецпроект / Серебряный университет,ОНЛАЙН Педагог дополнительного образования,811
360,Для ума,Образование,ОНЛАЙН Электронные услуги: учимся пользоваться,808
219,Для тела,Физическая активность,ОНЛАЙН Тайцзи,799
308,Для ума,Образование,ОНЛАЙН Астрономия,787
431,Для ума,Спецпроект / Интеллектуальный клуб,ОНЛАЙН Основы видеомонтажа: от идеи до результата. Базовый курс,769
8,Для души,Пение,ОНЛАЙН Хоровое пение,752
88,Для души,Творчество,Валяние из шерсти,736
261,Для ума,Игры,Шахматы и шашки,734
5,Для души,Пение,Караоке,721
15,Для души,Рисование,Графика,708
462,Для ума,Творчество,Дизайн интерьера,703
97,Для души,Творчество,Дизайн интерьера,703
143,Для души,Творчество,ОНЛАЙН Роспись по шелку (батик),700
395,Для ума,Образование,Эмоциональный интеллект,698
274,Для ума,Образование,География. Путешествия вокруг света,689
425,Для ума,Спецпроект / Интеллектуальный клуб,ОНЛАЙН Испанский язык для общения и путешествий. Базовый курс,670
87,Для души,Творчество,Бисероплетение,664
205,Для тела,Физическая активность,Лыжи,658
159,Для души,Творчество,"Плетение из бумаги, квиллинг, оригами",640
270,Для ума,Образование,Архитектура Москвы и Подмосковья,630
344,Для ума,Образование,ОНЛАЙН Продвинутый интернет,615
243,Для тела,Физическая активность,Фигурное катание,612
166,Для души,Творчество,Творческие встречи,605
293,Для ума,Образование,Кинолекторий,598
351,Для ума,Образование,ОНЛАЙН Техника речи,586
17,Для души,Рисование,Китайская живопись У-Син,568
283,Для ума,Образование,Иные иностранные языки,564
170,Для души,Творчество,Флористика,558
252,Для ума,Игры,Иные настольные игры,558
376,Для ума,Образование,"Психологический лекторий ""Всё только начинается""",551
226,Для тела,Физическая активность,Петанк (бочче),548
46,Для души,Спецпроект / Интеллектуальный клуб,ОНЛАЙН История русского искусства,543
391,Для ума,Образование,"Экономическая, финансовая грамотность",542
417,Для ума,Спецпроект / Интеллектуальный клуб,ОНЛАЙН Английский язык,524
157,Для души,Творчество,Папье-маше,512
378,Для ума,Образование,Религиоведение,494
356,Для ума,Образование,ОНЛАЙН Церковнославянский язык,493
336,Для ума,Образование,ОНЛАЙН Обучение игре на гитаре,488
148,Для души,Творчество,ОНЛАЙН Фитодизайн,474
397,Для ума,Спецпроект / Интеллектуальный клуб,Английский язык для общения и путешествий. Базовый курс,472
147,Для души,Творчество,ОНЛАЙН Уход за волосами,463
32,Для души,Спецпроект / Интеллектуальный клуб,Авторская кукла. Продвинутый курс,451
384,Для ума,Образование,Уход и содержание домашних животных,449
82,Для души,Танцы,Танцевальные вечера,445
175,Для души,Творчество,Школа макияжа,430
269,Для ума,Образование,Арабский язык,410
102,Для души,Творчество,Иное литературное творчество,409
256,Для ума,Игры,ОНЛАЙН Шахматы,404
171,Для души,Творчество,Фольклор,404
183,Для тела,Физическая активность,Баскетбол,399
4,Для души,Пение,Бардовская песня,395
192,Для тела,Физическая активность,Дартс,393
176,Для души,Творчество,Школа маникюра,376
249,Для тела,Физическая активность,Шейпинг,372
454,Для ума,Спецпроект / Интеллектуальный клуб,Тренажер развития познавательных способностей,358
357,Для ума,Образование,ОНЛАЙН Школа пчеловода,356
461,Для ума,Спецпроект / Серебряный университет,Экскурсоведение,333
141,Для души,Творчество,"ОНЛАЙН Плетение из бумаги, квиллинг, оригами",330
10,Для души,Пение,Романсы,322
273,Для ума,Образование,Генеалогия,321
203,Для тела,Физическая активность,Корригирующая гимнастика для глаз,303
406,Для ума,Спецпроект / Интеллектуальный клуб,Информационные технологии для москвичей,292
191,Для тела,Физическая активность,Городки,277
379,Для ума,Образование,"Свой бизнес, самозанятость",273
407,Для ума,Спецпроект / Интеллектуальный клуб,Испанский язык для общения и путешествий. Базовый курс,270
58,Для души,Спецпроект / Интеллектуальный клуб,Прикладная живопись,258
403,Для ума,Спецпроект / Интеллектуальный клуб,Все о смартфонах. Чему и как учиться? (ОС Android/IOS),257
298,Для ума,Образование,Младшая медсестра,247
338,Для ума,Образование,ОНЛАЙН Обучение игре на фортепьяно,246
202,Для тела,Физическая активность,Каратэ,246
74,Для души,Танцы,ОНЛАЙН Классические танцы,239
259,Для ума,Игры,Современные настольные игры,235
230,Для тела,Физическая активность,Скалолазание,232
423,Для ума,Спецпроект / Интеллектуальный клуб,ОНЛАЙН Информационное пространство жизни. Базовый курс,231
416,Для ума,Спецпроект / Интеллектуальный клуб,Немецкий язык для общения и путешествий. Базовый курс,230
382,Для ума,Образование,Тренинги личностного роста,219
180,Для тела,Физическая активность,Атлетическая гимнастика,218
105,Для души,Творчество,Карвинг (искусство художественной резки по овощам и фруктам),217
104,Для души,Творчество,Канзаши (японские традиционные женские украшения из атласных лент),215
444,Для ума,Спецпроект / Интеллектуальный клуб,Психологические проблемы общения. Базовый курс,215
459,Для ума,Спецпроект / Серебряный университет,ОНЛАЙН Предпринимательская деятельность в малом и среднем бизнесе,212
370,Для ума,Образование,Пилотное мастерство,210
129,Для души,Творчество,ОНЛАЙН Иное литературное творчество,199
386,Для ума,Образование,Французский язык продвинутый курс,198
174,Для души,Творчество,Художественные промыслы,194
409,Для ума,Спецпроект / Интеллектуальный клуб,Итальянский язык для общения и путешествий. Базовый курс,192
52,Для души,Спецпроект / Интеллектуальный клуб,ОНЛАЙН Памятники мирового искусства. Вводный курс,187
398,Для ума,Спецпроект / Интеллектуальный клуб,Английский язык для общения и путешествий. Продвинутый курс,186
388,Для ума,Образование,Эко-практикум и эко-привычки,182
401,Для ума,Спецпроект / Интеллектуальный клуб,Бояться нельзя или Смартфон для повседневной жизни,179
451,Для ума,Спецпроект / Интеллектуальный клуб,"Смартфоны и компьютеры - это удобно, практично",174
38,Для души,Спецпроект / Интеллектуальный клуб,Короткий рисунок с живой натуры,172
35,Для души,Спецпроект / Интеллектуальный клуб,История Москвы и России для всех поколений,171
364,Для ума,Образование,Обучение игре на музыкальных инструментах,169
56,Для души,Спецпроект / Интеллектуальный клуб,Памятники мирового искусства. Базовый курс,165
445,Для ума,Спецпроект / Интеллектуальный клуб,Психологические тренинги,162
250,Для ума,Игры,Викторины,160
337,Для ума,Образование,ОНЛАЙН Обучение игре на музыкальных инструментах,152
412,Для ума,Спецпроект / Интеллектуальный клуб,Китайский язык,150
456,Для ума,Спецпроект / Серебряный университет,Интернет-маркетинг,145
457,Для ума,Спецпроект / Серебряный университет,Компьютерная графика и дизайн,143
281,Для ума,Образование,Здоровое похудение,142
365,Для ума,Образование,Оказание первой помощи,139
59,Для души,Спецпроект / Интеллектуальный клуб,Рисунок/графика,137
42,Для души,Спецпроект / Интеллектуальный клуб,ОНЛАЙН Дискуссионный клуб,135
452,Для ума,Спецпроект / Интеллектуальный клуб,"Современные средства и инструменты удаленного общения на смартфоне, планшете ОС Андроид. Продвинутый курс",130
428,Для ума,Спецпроект / Интеллектуальный клуб,ОНЛАЙН Как остаться с внуками на ты или секреты межпоколенческой коммуникации,129
440,Для ума,Спецпроект / Интеллектуальный клуб,"ОНЛАЙН Эмоции, стресс и здоровье",128
258,Для ума,Игры,Русское лото,128
436,Для ума,Спецпроект / Интеллектуальный клуб,"ОНЛАЙН Смартфоны и компьютеры - это удобно, практично",127
112,Для души,Творчество,Макраме,127
312,Для ума,Образование,ОНЛАЙН Греческий язык,121
299,Для ума,Образование,Москвоведение,118
57,Для души,Спецпроект / Интеллектуальный клуб,Памятники отечественного искусства,118
3,Для души,Образование,ОНЛАЙН Киберспорт,118
410,Для ума,Спецпроект / Интеллектуальный клуб,Как остаться с внуками на ты или секреты межпоколенческой коммуникации,116
434,Для ума,Спецпроект / Интеллектуальный клуб,ОНЛАЙН Психология личностного роста серебряного возраста. Базовый курс,110
156,Для души,Творчество,Организация пространства,101
437,Для ума,Спецпроект / Интеллектуальный клуб,ОНЛАЙН Французский язык,98
193,Для тела,Физическая активность,Джиу-джицу искусство рукопашного боя,97
124,Для души,Творчество,ОНЛАЙН Декупаж,97
419,Для ума,Спецпроект / Интеллектуальный клуб,ОНЛАЙН Английский язык для общения и путешествий. Продвинутый курс,95
70,Для души,Танцы,Линейные танцы,95
405,Для ума,Спецпроект / Интеллектуальный клуб,Дизайнер интерьера,94
421,Для ума,Спецпроект / Интеллектуальный клуб,ОНЛАЙН Все о смартфонах. Чему и как учиться? (ОС Android/IOS),92
442,Для ума,Спецпроект / Интеллектуальный клуб,Основы компьютерной графики: обработка фотографий в графических редакторах. Базовый курс,87
241,Для тела,Физическая активность,Тхэквондо,87
414,Для ума,Спецпроект / Интеллектуальный клуб,Литературное творчество в современном мире. Базовый курс,86
393,Для ума,Образование,Экскурсионные программы в музеях,85
92,Для души,Творчество,Вышивка бисером,83
48,Для души,Спецпроект / Интеллектуальный клуб,ОНЛАЙН Москва и москвичи,80
284,Для ума,Образование,Иппотерапия,80
150,Для души,Творчество,ОНЛАЙН Фольклор,76
246,Для тела,Физическая активность,Футбол,72
450,Для ума,Спецпроект / Интеллектуальный клуб,Секреты немецкой грамматики. Продвинутый курс,71
50,Для души,Спецпроект / Интеллектуальный клуб,ОНЛАЙН Наше наследие: хранители истории,71
389,Для ума,Образование,Эко-просвещение,70
39,Для души,Спецпроект / Интеллектуальный клуб,Москва и москвичи,70
234,Для тела,Физическая активность,Стрельба из лука,69
271,Для ума,Образование,Астрономия,68
387,Для ума,Образование,Церковнославянский язык,68
188,Для тела,Физическая активность,Волейбол (пионербол),63
60,Для души,Спецпроект / Интеллектуальный клуб,Студия семейного досуга и творчества,62
86,Для души,Творчество,Английская литература,59
289,Для ума,Образование,История литературы,58
400,Для ума,Спецпроект / Интеллектуальный клуб,Бесконфликтное поведение,52
100,Для души,Творчество,Изготовление и оформление фотоальбомов (Скрапбукинг),51
359,Для ума,Образование,ОНЛАЙН Экскурс в историю,50
31,Для души,Спецпроект / Интеллектуальный клуб,Авторская кукла. Базовый курс,45
61,Для души,Спецпроект / Интеллектуальный клуб,Я – москвовед. Москва златоглавая. Базовый курс,44
43,Для души,Спецпроект / Интеллектуальный клуб,ОНЛАЙН Живопись с нуля (правополушарное рисование),44
441,Для ума,Спецпроект / Интеллектуальный клуб,Основы видеомонтажа: от идеи до результата. Базовый курс,40
131,Для души,Творчество,ОНЛАЙН Карвинг (искусство художественной резки по овощам и фруктам),39
443,Для ума,Спецпроект / Интеллектуальный клуб,Основы реставрации мебели,37
279,Для ума,Образование,Защита от мошенников,37
1,Для души,Образование,Киберспорт,36
455,Для ума,Спецпроект / Интеллектуальный клуб,Французский язык для общения и путешествий. Базовый курс,36
460,Для ума,Спецпроект / Серебряный университет,Предпринимательская деятельность в малом и среднем бизнесе,35
447,Для ума,Спецпроект / Интеллектуальный клуб,Психология развития,34
383,Для ума,Образование,Турецкий язык,34
93,Для души,Творчество,Вышивка гладью и крестом,34
33,Для души,Спецпроект / Интеллектуальный клуб,Дизайн интерьера,31
404,Для ума,Спецпроект / Интеллектуальный клуб,Дизайн интерьера,31
399,Для ума,Спецпроект / Интеллектуальный клуб,Английский язык. Базовый курс,30
201,Для тела,Физическая активность,Капоэйра— бразильское национальное боевое искусство,29
30,Для души,Рисование,Рисуем песком,29
272,Для ума,Образование,Безопасность жизнедеятельности,28
448,Для ума,Спецпроект / Интеллектуальный клуб,Работа с офисными приложениями. Базовый курс,27
169,Для души,Творчество,Фитодизайн,26
118,Для души,Творчество,ОНЛАЙН Витражное искусство,25
411,Для ума,Спецпроект / Интеллектуальный клуб,Как провести интересную экскурсию или организовать тур?,23
402,Для ума,Спецпроект / Интеллектуальный клуб,Взаимоотношения с детьми и внуками,23
155,Для души,Творчество,Огород на подоконнике,23
161,Для души,Творчество,Поэтические вечера,22
276,Для ума,Образование,Греческий язык,21
228,Для тела,Физическая активность,Регби,20
415,Для ума,Спецпроект / Интеллектуальный клуб,Литературное творчество. Вводный курс,20
98,Для души,Творчество,Дизайн одежды,20
429,Для ума,Спецпроект / Интеллектуальный клуб,ОНЛАЙН Как провести интересную экскурсию или организовать тур?,20
277,Для ума,Образование,Добровольчество (волонтерство),19
422,Для ума,Спецпроект / Интеллектуальный клуб,ОНЛАЙН Еда с умом и для ума,18
369,Для ума,Образование,Перезагрузка (программа школы для помощи внукам)/ знай учебник лучше внука,18
158,Для души,Творчество,Плетение Фриволите (кружево),17
413,Для ума,Спецпроект / Интеллектуальный клуб,Кружок правовой грамотности для людей предпенсионного возраста и пенсионеров,16
54,Для души,Спецпроект / Интеллектуальный клуб,ОНЛАЙН Поэтический клуб,16
116,Для души,Творчество,ОНЛАЙН Бисероплетение,15
435,Для ума,Спецпроект / Интеллектуальный клуб,ОНЛАЙН Смартфон на каждый день (смартфон ОС IOS),13
247,Для тела,Физическая активность,Хоккей/хоккей на траве/хоккей в зале,13
49,Для души,Спецпроект / Интеллектуальный клуб,ОНЛАЙН Музыкальная гостиная,13
396,Для ума,Образование,Японский язык,12
206,Для тела,Физическая активность,Мини-футбол,11
263,Для ума,Образование,3D-моделирование,10
449,Для ума,Спецпроект / Интеллектуальный клуб,Секреты добрососедства,8
47,Для души,Спецпроект / Интеллектуальный клуб,ОНЛАЙН Клуб книголюбов,8
262,Для ума,Игры,Шашки,7
433,Для ума,Спецпроект / Интеллектуальный клуб,ОНЛАЙН Психология дошкольника или как помочь внуку. Вводный курс,6
253,Для ума,Игры,ОНЛАЙН Викторины,5
453,Для ума,Спецпроект / Интеллектуальный клуб,Современный этикет. Практический курс,4
36,Для души,Спецпроект / Интеллектуальный клуб,"История, культура России",4
408,Для ума,Спецпроект / Интеллектуальный клуб,"История, культура России",4
40,Для души,Спецпроект / Интеллектуальный клуб,Москвоведение. Я шагаю по Москве. Продвинутый курс,3
439,Для ума,Спецпроект / Интеллектуальный клуб,ОНЛАЙН Экология человека. Как выжить в мегаполисе,3
446,Для ума,Спецпроект / Интеллектуальный клуб,Психология личностного роста серебряного возраста. Базовый курс,3
